angle,exvalve1
0,0
1,0
2,0
3,0
4,0
5,0
6,0
7,0
8,0
9,0
10,0
11,0
12,0
13,0
14,0
15,0
16,0
17,0
18,0
19,0
20,0
21,0
22,0
23,0
24,0
25,0
26,0
27,0
28,0
29,0
30,0
31,0
32,0
33,0
34,0
35,0
36,0
37,0
38,0
39,0
40,0
41,0
42,0
43,0
44,0
45,0
46,0
47,0
48,0
49,0
50,0
51,0
52,0
53,0
54,0
55,0
56,0
57,0
58,0
59,0
60,0
61,0
62,0
63,0
64,0
65,0
66,0
67,0
68,0
69,0
70,0
71,0
72,0
73,0
74,0
75,0
76,0
77,0
78,0
79,0
80,0
81,0
82,0
83,0
84,0
85,0
86,0
87,0
88,0
89,0
90,0
91,0
92,0
93,0
94,0
95,0
96,0
97,0
98,0
99,0
100,0
101,0
102,0
103,0
104,0
105,0
106,0
107,0
108,0
109,0
110,0
111,0
112,0
113,0
114,0
115,0
116,0
117,0
118,0
119,0
120,0
121,0
122,0
123,0
124,0
125,0
126,0
127,0
128,0
129,0
130,0
131,0
132,0
133,0
134,0
135,0
136,0
137,0
138,0
139,0
140,0
141,0
142,0
143,0
144,0
145,0.000001
146,0.000002
147,0.000004
148,0.000007
149,0.00001
150,0.000014
151,0.000019
152,0.000023
153,0.000028
154,0.000033
155,0.000038
156,0.000044
157,0.000051
158,0.000057
159,0.000064
160,0.000072
161,0.00008
162,0.00009
163,0.0001
164,0.000114
165,0.00013
166,0.00015
167,0.00017
168,0.0002
169,0.00024
170,0.00028
171,0.00032
172,0.00037
173,0.00043
174,0.00049
175,0.00055
176,0.00062
177,0.0007
178,0.00078
179,0.00086
180,0.00095
181,0.00104
182,0.00114
183,0.00124
184,0.00135
185,0.00146
186,0.00157
187,0.00169
188,0.00181
189,0.00193
190,0.00206
191,0.00218
192,0.00231
193,0.00244
194,0.00258
195,0.00271
196,0.00284
197,0.00298
198,0.00311
199,0.00325
200,0.00338
201,0.00352
202,0.00365
203,0.00378
204,0.00392
205,0.00405
206,0.00419
207,0.00432
208,0.00445
209,0.00458
210,0.00471
211,0.00484
212,0.00497
213,0.0051
214,0.00522
215,0.00535
216,0.00547
217,0.00559
218,0.00571
219,0.00583
220,0.00595
221,0.00606
222,0.00617
223,0.00629
224,0.0064
225,0.00651
226,0.00661
227,0.00672
228,0.00682
229,0.00692
230,0.00702
231,0.00712
232,0.00721
233,0.00731
234,0.0074
235,0.00749
236,0.00758
237,0.00766
238,0.00774
239,0.00783
240,0.0079
241,0.00798
242,0.00806
243,0.00813
244,0.0082
245,0.00827
246,0.00834
247,0.0084
248,0.00846
249,0.00852
250,0.00858
251,0.00864
252,0.00869
253,0.00874
254,0.00879
255,0.00884
256,0.00888
257,0.00893
258,0.00897
259,0.009
260,0.00904
261,0.00907
262,0.0091
263,0.00913
264,0.00916
265,0.00918
266,0.00921
267,0.00923
268,0.00924
269,0.00926
270,0.00927
271,0.00928
272,0.00929
273,0.0093
274,0.0093
275,0.0093
276,0.0093
277,0.00929
278,0.00929
279,0.00928
280,0.00927
281,0.00926
282,0.00924
283,0.00923
284,0.00921
285,0.00918
286,0.00916
287,0.00913
288,0.0091
289,0.00907
290,0.00904
291,0.009
292,0.00897
293,0.00893
294,0.00888
295,0.00884
296,0.00879
297,0.00874
298,0.00869
299,0.00863
300,0.00858
301,0.00852
302,0.00846
303,0.00839
304,0.00833
305,0.00826
306,0.00819
307,0.00812
308,0.00805
309,0.00797
310,0.00789
311,0.00781
312,0.00773
313,0.00764
314,0.00756
315,0.00747
316,0.00738
317,0.00728
318,0.00719
319,0.00709
320,0.00699
321,0.00689
322,0.00679
323,0.00669
324,0.00658
325,0.00647
326,0.00636
327,0.00625
328,0.00614
329,0.00603
330,0.00591
331,0.00579
332,0.00567
333,0.00555
334,0.00543
335,0.00531
336,0.00518
337,0.00506
338,0.00493
339,0.0048
340,0.00468
341,0.00455
342,0.00442
343,0.00429
344,0.00416
345,0.00403
346,0.00389
347,0.00376
348,0.00363
349,0.0035
350,0.00337
351,0.00324
352,0.00311
353,0.00298
354,0.00285
355,0.00272
356,0.0026
357,0.00247
358,0.00235
359,0.00222
360,0.0021
361,0.00198
362,0.00187
363,0.00175
364,0.00164
365,0.00153
366,0.00143
367,0.00133
368,0.00123
369,0.00114
370,0.00105
371,0.00096
372,0.00088
373,0.00081
374,0.00074
375,0.00067
376,0.00061
377,0.00055
378,0.0005
379,0.00045
380,0.00041
381,0.00037
382,0.00034
383,0.00031
384,0.00029
385,0.00027
386,0.00025
387,0.00024
388,0.00023
389,0.00022
390,0.00021
391,0.0002
392,0.00019
393,0.000182
394,0.000172
395,0.000164
396,0.000156
397,0.000148
398,0.00014
399,0.00013
400,0.00012
401,0.00011
402,0.0001
403,0.00009
404,0.00008
405,0.000071
406,0.000062
407,0.000054
408,0.000046
409,0.000037
410,0.00003
411,0.000022
412,0.000017
413,0.000012
414,0.000009
415,0.000006
416,0.000004
417,0.000002
418,0.000001
419,0
420,0
421,0
422,0
423,0
424,0
425,0
426,0
427,0
428,0
429,0
430,0
431,0
432,0
433,0
434,0
435,0
436,0
437,0
438,0
439,0
440,0
441,0
442,0
443,0
444,0
445,0
446,0
447,0
448,0
449,0
450,0
451,0
452,0
453,0
454,0
455,0
456,0
457,0
458,0
459,0
460,0
461,0
462,0
463,0
464,0
465,0
466,0
467,0
468,0
469,0
470,0
471,0
472,0
473,0
474,0
475,0
476,0
477,0
478,0
479,0
480,0
481,0
482,0
483,0
484,0
485,0
486,0
487,0
488,0
489,0
490,0
491,0
492,0
493,0
494,0
495,0
496,0
497,0
498,0
499,0
500,0
501,0
502,0
503,0
504,0
505,0
506,0
507,0
508,0
509,0
510,0
511,0
512,0
513,0
514,0
515,0
516,0
517,0
518,0
519,0
520,0
521,0
522,0
523,0
524,0
525,0
526,0
527,0
528,0
529,0
530,0
531,0
532,0
533,0
534,0
535,0
536,0
537,0
538,0
539,0
540,0
541,0
542,0
543,0
544,0
545,0
546,0
547,0
548,0
549,0
550,0
551,0
552,0
553,0
554,0
555,0
556,0
557,0
558,0
559,0
560,0
561,0
562,0
563,0
564,0
565,0
566,0
567,0
568,0
569,0
570,0
571,0
572,0
573,0
574,0
575,0
576,0
577,0
578,0
579,0
580,0
581,0
582,0
583,0
584,0
585,0
586,0
587,0
588,0
589,0
590,0
591,0
592,0
593,0
594,0
595,0
596,0
597,0
598,0
599,0
600,0
601,0
602,0
603,0
604,0
605,0
606,0
607,0
608,0
609,0
610,0
611,0
612,0
613,0
614,0
615,0
616,0
617,0
618,0
619,0
620,0
621,0
622,0
623,0
624,0
625,0
626,0
627,0
628,0
629,0
630,0
631,0
632,0
633,0
634,0
635,0
636,0
637,0
638,0
639,0
640,0
641,0
642,0
643,0
644,0
645,0
646,0
647,0
648,0
649,0
650,0
651,0
652,0
653,0
654,0
655,0
656,0
657,0
658,0
659,0
660,0
661,0
662,0
663,0
664,0
665,0
666,0
667,0
668,0
669,0
670,0
671,0
672,0
673,0
674,0
675,0
676,0
677,0
678,0
679,0
680,0
681,0
682,0
683,0
684,0
685,0
686,0
687,0
688,0
689,0
690,0
691,0
692,0
693,0
694,0
695,0
696,0
697,0
698,0
699,0
700,0
701,0
702,0
703,0
704,0
705,0
706,0
707,0
708,0
709,0
710,0
711,0
712,0
713,0
714,0
715,0
716,0
717,0
718,0
719,0
720,0
