angle,invalve1
0,0
1,0
2,0
3,0
4,0
5,0
6,0
7,0
8,0
9,0
10,0
11,0
12,0
13,0
14,0
15,0
16,0
17,0
18,0
19,0
20,0
21,0
22,0
23,0
24,0
25,0
26,0
27,0
28,0
29,0
30,0
31,0
32,0
33,0
34,0
35,0
36,0
37,0
38,0
39,0
40,0
41,0
42,0
43,0
44,0
45,0
46,0
47,0
48,0
49,0
50,0
51,0
52,0
53,0
54,0
55,0
56,0
57,0
58,0
59,0
60,0
61,0
62,0
63,0
64,0
65,0
66,0
67,0
68,0
69,0
70,0
71,0
72,0
73,0
74,0
75,0
76,0
77,0
78,0
79,0
80,0
81,0
82,0
83,0
84,0
85,0
86,0
87,0
88,0
89,0
90,0
91,0
92,0
93,0
94,0
95,0
96,0
97,0
98,0
99,0
100,0
101,0
102,0
103,0
104,0
105,0
106,0
107,0
108,0
109,0
110,0
111,0
112,0
113,0
114,0
115,0
116,0
117,0
118,0
119,0
120,0
121,0
122,0
123,0
124,0
125,0
126,0
127,0
128,0
129,0
130,0
131,0
132,0
133,0
134,0
135,0
136,0
137,0
138,0
139,0
140,0
141,0
142,0
143,0
144,0
145,0
146,0
147,0
148,0
149,0
150,0
151,0
152,0
153,0
154,0
155,0
156,0
157,0
158,0
159,0
160,0
161,0
162,0
163,0
164,0
165,0
166,0
167,0
168,0
169,0
170,0
171,0
172,0
173,0
174,0
175,0
176,0
177,0
178,0
179,0
180,0
181,0
182,0
183,0
184,0
185,0
186,0
187,0
188,0
189,0
190,0
191,0
192,0
193,0
194,0
195,0
196,0
197,0
198,0
199,0
200,0
201,0
202,0
203,0
204,0
205,0
206,0
207,0
208,0
209,0
210,0
211,0
212,0
213,0
214,0
215,0
216,0
217,0
218,0
219,0
220,0
221,0
222,0
223,0
224,0
225,0
226,0
227,0
228,0
229,0
230,0
231,0
232,0
233,0
234,0
235,0
236,0
237,0
238,0
239,0
240,0
241,0
242,0
243,0
244,0
245,0
246,0
247,0
248,0
249,0
250,0
251,0
252,0
253,0
254,0
255,0
256,0
257,0
258,0
259,0
260,0
261,0
262,0
263,0
264,0
265,0
266,0
267,0
268,0
269,0
270,0
271,0
272,0
273,0
274,0
275,0
276,0
277,0
278,0
279,0
280,0
281,0
282,0
283,0
284,0
285,0
286,0
287,0
288,0
289,0
290,0
291,0
292,0
293,0
294,0
295,0
296,0
297,0
298,0
299,0
300,0
301,0
302,0
303,0
304,0
305,0
306,0
307,0
308,0
309,0
310,0
311,0
312,0
313,0
314,0
315,0
316,0
317,0
318,0
319,0
320,0
321,0
322,0
323,0
324,0
325,0
326,0
327,0
328,0
329,0
330,0
331,0
332,0
333,0
334,0
335,0
336,0
337,0
338,0
339,0
340,0
341,0
342,0
343,0
344,0
345,0
346,0
347,0
348,0
349,0
350,0
351,0
352,0
353,0
354,0.000001
355,0.000004
356,0.000007
357,0.00001
358,0.000014
359,0.000019
360,0.000023
361,0.000028
362,0.000033
363,0.000039
364,0.000046
365,0.000052
366,0.000058
367,0.000064
368,0.000071
369,0.00008
370,0.00009
371,0.0001
372,0.00011
373,0.00012
374,0.00014
375,0.00017
376,0.0002
377,0.00023
378,0.00027
379,0.00031
380,0.00036
381,0.00041
382,0.00047
383,0.00054
384,0.00061
385,0.00068
386,0.00076
387,0.00084
388,0.00093
389,0.00102
390,0.00112
391,0.00122
392,0.00133
393,0.00144
394,0.00155
395,0.00167
396,0.00178
397,0.00191
398,0.00203
399,0.00216
400,0.00229
401,0.00242
402,0.00255
403,0.00268
404,0.00282
405,0.00295
406,0.00308
407,0.00322
408,0.00336
409,0.00349
410,0.00363
411,0.00376
412,0.0039
413,0.00403
414,0.00416
415,0.0043
416,0.00443
417,0.00456
418,0.00469
419,0.00482
420,0.00495
421,0.00508
422,0.0052
423,0.00533
424,0.00545
425,0.00557
426,0.00569
427,0.00581
428,0.00593
429,0.00605
430,0.00616
431,0.00627
432,0.00639
433,0.00649
434,0.0066
435,0.00671
436,0.00681
437,0.00691
438,0.00701
439,0.00711
440,0.00721
441,0.0073
442,0.00739
443,0.00748
444,0.00757
445,0.00766
446,0.00774
447,0.00782
448,0.0079
449,0.00798
450,0.00805
451,0.00813
452,0.0082
453,0.00827
454,0.00833
455,0.0084
456,0.00846
457,0.00852
458,0.00858
459,0.00864
460,0.00869
461,0.00874
462,0.00879
463,0.00884
464,0.00888
465,0.00893
466,0.00897
467,0.009
468,0.00904
469,0.00907
470,0.0091
471,0.00913
472,0.00916
473,0.00918
474,0.00921
475,0.00923
476,0.00924
477,0.00926
478,0.00927
479,0.00928
480,0.00929
481,0.00929
482,0.0093
483,0.0093
484,0.0093
485,0.00929
486,0.00929
487,0.00928
488,0.00927
489,0.00926
490,0.00924
491,0.00923
492,0.00921
493,0.00918
494,0.00916
495,0.00913
496,0.0091
497,0.00907
498,0.00904
499,0.009
500,0.00897
501,0.00893
502,0.00888
503,0.00884
504,0.00879
505,0.00874
506,0.00869
507,0.00864
508,0.00858
509,0.00852
510,0.00846
511,0.0084
512,0.00833
513,0.00827
514,0.0082
515,0.00813
516,0.00805
517,0.00798
518,0.0079
519,0.00782
520,0.00774
521,0.00765
522,0.00757
523,0.00748
524,0.00739
525,0.0073
526,0.0072
527,0.00711
528,0.00701
529,0.00691
530,0.00681
531,0.00671
532,0.0066
533,0.00649
534,0.00638
535,0.00627
536,0.00616
537,0.00605
538,0.00593
539,0.00582
540,0.0057
541,0.00558
542,0.00546
543,0.00534
544,0.00521
545,0.00509
546,0.00496
547,0.00484
548,0.00471
549,0.00458
550,0.00445
551,0.00432
552,0.00419
553,0.00406
554,0.00393
555,0.0038
556,0.00367
557,0.00354
558,0.00341
559,0.00328
560,0.00315
561,0.00302
562,0.00289
563,0.00276
564,0.00263
565,0.00251
566,0.00238
567,0.00226
568,0.00214
569,0.00202
570,0.0019
571,0.00178
572,0.00167
573,0.00156
574,0.00146
575,0.00135
576,0.00125
577,0.00116
578,0.00107
579,0.00098
580,0.0009
581,0.00082
582,0.00075
583,0.00068
584,0.00061
585,0.00055
586,0.0005
587,0.00045
588,0.0004
589,0.00036
590,0.00033
591,0.0003
592,0.00027
593,0.00025
594,0.00023
595,0.00022
596,0.00021
597,0.0002
598,0.00019
599,0.00018
600,0.00017
601,0.00016
602,0.00015
603,0.00014
604,0.000131
605,0.000123
606,0.000116
607,0.000108
608,0.0001
609,0.00009
610,0.00008
611,0.00007
612,0.00006
613,0.000052
614,0.000043
615,0.000036
616,0.000029
617,0.000023
618,0.000018
619,0.000012
620,0.000008
621,0.000005
622,0.000001
623,0
624,0
625,0
626,0
627,0
628,0
629,0
630,0
631,0
632,0
633,0
634,0
635,0
636,0
637,0
638,0
639,0
640,0
641,0
642,0
643,0
644,0
645,0
646,0
647,0
648,0
649,0
650,0
651,0
652,0
653,0
654,0
655,0
656,0
657,0
658,0
659,0
660,0
661,0
662,0
663,0
664,0
665,0
666,0
667,0
668,0
669,0
670,0
671,0
672,0
673,0
674,0
675,0
676,0
677,0
678,0
679,0
680,0
681,0
682,0
683,0
684,0
685,0
686,0
687,0
688,0
689,0
690,0
691,0
692,0
693,0
694,0
695,0
696,0
697,0
698,0
699,0
700,0
701,0
702,0
703,0
704,0
705,0
706,0
707,0
708,0
709,0
710,0
711,0
712,0
713,0
714,0
715,0
716,0
717,0
718,0
719,0
720,0
