window_id,run_id,window_start_sim_time,window_end_sim_time,operating_mode,throttle_mean,throttle_std,throttle_min,throttle_max,rpm_mean,rpm_std,rpm_min,rpm_max,crank_angle_mean,crank_angle_std,crank_angle_min,crank_angle_max,mean_torque_mean,mean_torque_std,mean_torque_min,mean_torque_max,instant_torque_mean,instant_torque_std,instant_torque_min,instant_torque_max,instant_torque_rms,instant_torque_peak,load_torque_mean,load_torque_std,load_torque_min,load_torque_max,friction_torque_mean,friction_torque_std,friction_torque_min,friction_torque_max,net_torque_mean,net_torque_std,net_torque_min,net_torque_max,cylinder_1_torque_mean,cylinder_1_torque_std,cylinder_1_torque_min,cylinder_1_torque_max,cylinder_2_torque_mean,cylinder_2_torque_std,cylinder_2_torque_min,cylinder_2_torque_max,cylinder_3_torque_mean,cylinder_3_torque_std,cylinder_3_torque_min,cylinder_3_torque_max,cylinder_4_torque_mean,cylinder_4_torque_std,cylinder_4_torque_min,cylinder_4_torque_max,cht_mean,cht_std,cht_min,cht_max,egt_mean,egt_std,egt_min,egt_max,oil_temperature_mean,oil_temperature_std,oil_temperature_min,oil_temperature_max,oil_pressure_mean,oil_pressure_std,oil_pressure_min,oil_pressure_max,oil_pressure_psi_mean,oil_pressure_psi_std,oil_pressure_psi_min,oil_pressure_psi_max,fuel_flow_mean,fuel_flow_std,fuel_flow_min,fuel_flow_max,fuel_flow_lph_mean,fuel_flow_lph_std,fuel_flow_lph_min,fuel_flow_lph_max,fuel_pressure_mean,fuel_pressure_std,fuel_pressure_min,fuel_pressure_max,vibration_mean,vibration_std,vibration_min,vibration_max,vibration_rms,vibration_peak,degradation_type,target_component,active_severity,current_health,is_degraded
CYL1_SEV080_W0000,CYL1_SEV080,0.0,4.99,IDLE,0.14999999999999997,2.7755575615628914e-17,0.15,0.15,1087.2768270227016,47.068828458284344,911.7592179520954,1125.1057835504212,357.44223064493565,208.06313375243968,1.0431538860902947,716.0059740635943,23.47473081637428,0.24616427636882532,22.48604081632653,23.66683945315817,21.16454365968793,15.309973669468752,0.0,46.89603025207757,26.121508418976557,46.89603025207757,17.988559557864065,1.5108070352728495,12.311344529918863,19.240093602898583,2.276287564925061,0.10009196606413677,1.8849555921538759,2.356416042742261,0.8996965368988078,15.5130561059544,-21.574777352563743,29.12996407274461,3.4875973472137622,8.241122077162734,-0.9645280903112107,28.96963263770562,5.842353703799185,13.664916147970482,-1.6084092649684831,48.20320293911937,5.8501605411578,13.753319220955143,-1.607500267998924,48.2500377703718,5.97713286719238,13.816909907858108,-1.6064841527039204,48.23695872703176,31.548604545428102,2.037679560796254,25.07229836145782,33.088233012442174,516.3581535655846,19.858769677439884,508.08388885486494,617.1107142857143,24.91377065513845,0.04636946857609466,24.837342502519117,24.999579506279403,376.7665498389641,2.3919967531048085,367.3392958486187,378.66819820631764,54.645466855543695,0.34693042507681515,53.278156791291956,54.9212781314479,0.0010078995054670474,1.112514488213921e-05,0.0009648312881527473,0.0010168791339883287,5.039497527335238,0.05562572441069602,4.824156440763737,5.084395669941644,322.4270509831249,5.684341886080802e-14,322.42705098312484,322.42705098312484,0.3019618584033739,0.1311808557480778,0.06527390144490923,0.4796027278173519,0.3292254255752694,0.4796027278173519,CYLINDER,CYLINDER_1,0.8,0.19999999999999996,True
CYL1_SEV080_W0001,CYL1_SEV080,1.0,5.99,IDLE,0.14999999999999997,2.7755575615628914e-17,0.15,0.15,1109.375180348239,11.89252146922058,1060.5007454110255,1125.1057835504212,359.5733565710131,207.43392752690878,1.163722272234054,716.0059740635943,23.58946502962483,0.059205351145214226,23.346235506482955,23.66683945315817,21.20494519805535,15.38287311231485,0.0,46.92901825644385,26.196993835974958,46.92901825644385,18.7051890687146,0.4006934457682153,17.09394973000478,19.240093602898583,2.323293481790369,0.025106991543839177,2.221107567273185,2.356416042742261,0.17646264755038302,15.515678839033999,-21.58281459982454,26.133114044987618,3.5651939282883633,8.356893411640325,-0.9653537768304512,28.96963263770562,5.883217824014642,13.757411810192801,-1.6084092649684831,48.20320293911937,5.872226651889853,13.808216746161294,-1.607500267998924,48.285750715337265,5.875977228352601,13.75953171733456,-1.6064841527039204,48.23695872703176,32.58139812980637,0.7258115727078611,30.153862227028874,33.111121862020084,508.606643155518,1.2988993970834655,508.08388885486494,515.4872872027765,24.882404415873417,0.043698835351433596,24.809780404517618,24.96140308594935,377.8875273555672,0.5931585427918804,375.4675173980492,378.66819820631764,54.80805119259675,0.0860305287294489,54.457057788378265,54.9212781314479,0.0010131373097128948,2.8287029803840235e-06,0.0010016563902530769,0.0010168791339883287,5.065686548564475,0.014143514901920135,5.008281951265385,5.084395669941644,322.4270509831249,5.684341886080802e-14,322.42705098312484,322.42705098312484,0.30311729146529676,0.13307970065800487,0.06527390144490923,0.4796276325280846,0.331044255519533,0.4796276325280846,CYLINDER,CYLINDER_1,0.8,0.19999999999999996,True
CYL1_SEV080_W0002,CYL1_SEV080,2.0,6.99,IDLE,0.14999999999999997,2.7755575615628914e-17,0.15,0.15,1114.29192309887,5.53777923320507,1096.7278985085434,1125.2475321125326,359.9210774486993,207.71578937611923,1.163722272234054,719.4503922328845,23.614053224373297,0.027082738174966706,23.527826288832344,23.667526700735188,21.245757896842683,15.428628258208288,0.0,46.92901825644385,26.25690001773318,46.92901825644385,18.871838184241724,0.1874983647102618,18.28177032479038,19.244941906839742,2.3337273540159837,0.011601013217133681,2.2969815392942747,2.3567129202365185,0.04019235858497493,15.561491308552851,-21.58281459982454,25.859185270154548,3.5930208810668702,8.34419234187574,-0.9653537768304512,28.98595947783663,5.975055802526578,13.916903006286248,-1.608991449139731,48.20320293911937,5.835657472509234,13.74910110501952,-1.607500267998924,48.285750715337265,5.8323339489386745,13.779028748627992,-1.6064841527039204,48.23695872703176,32.944783810284065,0.24052920610803083,32.12728096277568,33.11833224963527,508.1268858741056,0.04906313565451992,508.08388885486494,508.4338290285031,24.852788695739445,0.04166747516331097,24.783396378390016,24.92761995732394,378.1339889377048,0.2733797270910988,377.26694783325127,378.6751796254469,54.84379748754683,0.03965044885783884,54.7180435798391,54.92229070251557,0.001014313073858417,1.3108152478826225e-06,0.0010101671547312183,0.0010169127565331432,5.0715653692920855,0.006554076239413101,5.050835773656091,5.084563782665716,322.4270509831249,5.684341886080802e-14,322.42705098312484,322.42705098312484,0.3037839028193154,0.1336666952803755,0.06527390144490923,0.4796276325280846,0.3318907124933026,0.4796276325280846,CYLINDER,CYLINDER_1,0.8,0.19999999999999996,True
CYL1_SEV080_W0003,CYL1_SEV080,3.0,7.99,IDLE,0.14999999999999997,2.7755575615628914e-17,0.15,0.15,1115.3891406525117,5.037336086351578,1103.1949954832132,1125.3564253867348,360.9549878230173,208.8561086431427,1.163722272234054,719.4503922328845,23.619393754254517,0.024658384341228284,23.559756149723114,23.668054606034975,21.29713144055538,15.450259521481847,0.0,46.92901825644385,26.311182544261154,46.92901825644385,18.908745410323263,0.17111799436728012,18.498010955213655,19.24866685815381,2.336013180595539,0.010573673561706985,2.310526195524725,2.356940985776691,0.05237284963657718,15.583898229409684,-21.58281459982454,25.859185270154548,3.5063251280579157,8.26947658973373,-0.9653537768304512,28.98595947783663,5.9920879627777035,13.88657149157319,-1.608991449139731,48.21200601596691,5.817607407568596,13.77341654473256,-1.607500267998924,48.285750715337265,5.9707214437722715,13.902574689525846,-1.6067979612983097,48.23695872703176,33.06468438364529,0.07784298410335244,32.798358604987314,33.120692002547784,508.11782920942017,0.01162922266331056,508.08412876479986,508.13009567624795,24.824537050270955,0.03984365287447046,24.758151680517795,24.895977809957678,378.1878655015926,0.2491048376995186,377.5869133844516,378.6805427320818,54.85161163661999,0.03612966745026289,54.76445074345409,54.92306855677568,0.0010145712949982246,1.1950869044547141e-06,0.0010116933534493168,0.0010169385864899736,5.072856474991123,0.005975434522273548,5.058466767246584,5.084692932449868,322.4270509831249,5.684341886080802e-14,322.42705098312484,322.42705098312484,0.30423555882840664,0.13343547452062895,0.06553210890386144,0.4796276325280846,0.3322112296659736,0.4796276325280846,CYLINDER,CYLINDER_1,0.8,0.19999999999999996,True
CYL1_SEV080_W0004,CYL1_SEV080,4.0,8.99,IDLE,0.14999999999999997,2.7755575615628914e-17,0.15,0.15,1115.6779385944678,5.015600362020045,1104.1780423343728,1125.41123762093,358.2187692422066,207.77759163536348,1.163722272234054,719.4503922328845,23.62084673756713,0.024542375047951124,23.564596812242247,23.668320315246483,21.28959046085449,15.467609726627089,0.0,46.92901825644385,26.3152733720582,46.92901825644385,18.91883047558919,0.17039163908856192,18.53099245617602,19.250541976305183,2.3366362867418666,0.01052609690983571,2.3125850840352165,2.357055784251541,0.03412369852343635,15.6014159870904,-21.58281459982454,25.8158534125898,3.5036034692144677,8.267298255979139,-0.9653537768304512,28.98595947783663,5.853228457796941,13.785376135589631,-1.608991449139731,48.21200601596691,5.952932535413456,13.877921074277639,-1.6075389377359157,48.285750715337265,5.970017155415523,13.906518873599575,-1.6067979612983097,48.25030804935756,33.1034444100916,0.024906908968619298,33.01762825844259,33.12171085101374,508.1238629315081,0.004607224756595939,508.1059258021758,508.13153005277064,24.7975198807182,0.03812518839221322,24.733998796767533,24.86585109205394,378.2025449144291,0.2479712865179171,377.63551763652384,378.68324225216423,54.85374070929897,0.03596525945398582,54.771500206966145,54.9234600897694,0.0010146417231208362,1.189777745606693e-06,0.001011925525386148,0.0010169515883988833,5.07320861560418,0.0059488887280334385,5.059627626930741,5.084757941994416,322.4270509831249,5.684341886080802e-14,322.42705098312484,322.42705098312484,0.30463064500685755,0.13340528885968483,0.06553210890386144,0.4796276325280846,0.3325609733162176,0.4796276325280846,CYLINDER,CYLINDER_1,0.8,0.19999999999999996,True
CYL1_SEV080_W0005,CYL1_SEV080,5.0,9.99,IDLE,0.14999999999999997,2.7755575615628914e-17,0.15,0.15,1115.6808056575592,5.035215315077497,1104.3652632040598,1125.41123762093,360.5907776282906,207.19766666471256,1.163722272234054,719.4503922328845,23.621025628578547,0.024498016557672173,23.56551832810516,23.668320315246483,21.22023264167196,15.439682149744993,0.0,46.92901825644385,26.24275249000825,46.92901825644385,18.92007079999439,0.17009690056249635,18.53727709963016,19.250541976305183,2.3367129663279367,0.010507435994031328,2.3129771985077556,2.357055784251541,-0.036551124650364454,15.572547323249486,-21.586375385878355,25.8158534125898,3.5859225119801375,8.34844770594023,-0.9653537768304512,28.98595947783663,5.862465791587733,13.794393023984764,-1.608991449139731,48.21200601596691,5.925380535638682,13.857447625039336,-1.6078114386032398,48.285750715337265,5.836132591783284,13.768268911006345,-1.6067979612983097,48.25030804935756,33.115849927004376,0.007956992329129692,33.08858522025341,33.12191049609757,508.1258414995173,0.002838404152872439,508.11861781682205,508.13189178842657,24.77166746123014,0.036485779556002754,24.71087186295463,24.83706048369405,378.204351584456,0.24752954837517066,377.64477331513336,378.68324225216423,54.85400274510633,0.03590119063723817,54.77284263208031,54.9234600897694,0.0010146503888471075,1.1876799035080975e-06,0.0010119697477485928,0.0010169515883988833,5.073251944235539,0.00593839951754046,5.059848738742964,5.084757941994416,322.4270509831249,5.684341886080802e-14,322.42705098312484,322.42705098312484,0.30454660537090866,0.13293929561687604,0.06553210890386144,0.47963866413844053,0.3322972933414522,0.47963866413844053,CYLINDER,CYLINDER_1,0.8,0.19999999999999996,True
CYL1_SEV080_W0006,CYL1_SEV080,6.0,10.99,TAKEOFF,0.1896,0.09454649649775503,0.15,0.546,1179.1139199568122,171.6568847143657,1104.4078210281305,1954.0322858346092,361.2263580949086,207.99860027257054,3.213115405882604,719.4503922328845,30.566068859378,16.846886546756224,23.565727783823593,96.17611160811501,27.413728394736435,27.897900219296886,0.0,179.4475652723778,39.112726076639355,179.4475652723778,21.503045232615367,7.30083932759797,18.538705832323014,58.034191239277675,2.4660858217808492,0.35242840340887627,2.313066331406057,4.092515649370186,3.4445973403402217,25.02818782454727,-57.58027071625914,123.53412499637012,4.6370241650094,12.866385796350562,-3.661259581904317,96.7021943912071,7.526058321586802,20.41532555409761,-6.37304496168478,186.62887544584498,7.69485552519757,22.284132342880888,-5.73354778624207,165.35012234843566,7.542895178798234,20.20275653663401,-5.842995075008076,157.80944415742465,34.439628441504794,3.7538788132679035,33.11105923055866,52.96390461750912,513.7599162465771,15.154260585752098,508.12023127235017,581.4766269192331,24.769285765793832,0.05719724626478242,24.710231879493485,25.067471694445654,381.1335245095016,7.925201361383668,377.6468772117055,417.1270068623812,55.27884412780911,1.1494553550523645,54.77314777703134,60.49926682130605,0.0011158745188760983,0.0002646650218052004,0.0010119798003238325,0.002322474797991773,5.579372594380491,1.323325109026002,5.059899001619163,11.612373989958867,322.31234696176705,0.5792871783865413,319.1449422125901,323.0,0.383501548558905,0.2774016787610944,0.06553210890386144,1.6941218330931518,0.4733129293887413,1.6941218330931518,CYLINDER,CYLINDER_1,0.8,0.19999999999999996,True
CYL1_SEV080_W0007,CYL1_SEV080,7.0,11.99,TAKEOFF,0.30920000000000003,0.24361806172777914,0.15,0.9460000000000001,1463.1934610617498,582.9304573454633,1104.4078210281305,3295.230229306708,360.77379542865776,208.13739392842902,3.213115405882604,719.0236623499944,52.54665530830265,44.64265128638123,23.565727783823593,169.06335890196928,47.54679460177894,62.38931273804581,0.0,309.3089535095812,78.44185120730796,309.3089535095812,37.50747083450992,33.835538771361925,18.538705832323014,165.04105544008968,3.0575234183525613,1.2149968945360052,2.313066331406057,6.9015140535179755,6.981800348916475,49.011667517395274,-147.56875261166184,186.15542730477918,7.837303482208942,24.964579445148576,-5.976159539565442,192.8569124159008,12.730277661566932,40.758215818661604,-10.224188200907122,317.1870003339452,13.66625369481547,44.78796636779569,-10.675372984247312,318.1368085517582,13.292224476725467,43.280269178049316,-10.647510871328338,318.4693663261695,43.071236688450796,18.086170534125518,33.11798037021817,99.76278966316957,540.3573358895303,54.76949521022135,508.1217949830111,701.2108442080527,24.98220036479277,0.5086080903370005,24.710231879493485,27.004117796990855,393.30361426964726,24.65753290914207,377.6468772117055,451.00000000000006,57.043969606441095,3.5762792580761484,54.77314777703134,65.41213800000001,0.001633580696486695,0.0010772692217964944,0.0010119798003238325,0.005033229242137532,8.167903482433475,5.3863461089824725,5.059899001619163,25.166146210687664,321.3728646308667,1.931344165610171,317.0,323.0,0.6369989267902884,0.6494380247618536,0.06553210890386144,2.9917203677180586,0.9096908160130877,2.9917203677180586,CYLINDER,CYLINDER_1,0.8,0.19999999999999996,True
CYL1_SEV080_W0008,CYL1_SEV080,8.0,12.99,TAKEOFF,0.46920000000000006,0.33287499155088235,0.15,0.95,1839.6915275775161,803.856434960102,1104.4078210281305,3295.230229306708,366.9199482607514,206.66216578799975,3.213115405882604,719.0236623499944,81.46051178147069,60.534657435553456,23.565727783823593,170.1268624622382,72.77114868208103,75.80229088777207,0.0,309.3089535095812,105.07914819003797,309.3089535095812,61.02615208411589,49.922218239717175,18.538705832323014,165.04105544008968,3.8451410697443853,1.6813849224392237,2.313066331406057,6.9015140535179755,7.899855528220769,55.36838295831236,-147.56875261166184,186.15542730477918,11.985891447505724,33.466604532544,-6.859925869808756,192.8569124159008,19.71157187891259,55.53760602767786,-11.311129294941917,317.1870003339452,20.778017346608298,58.615610978110574,-11.499777810968054,318.1368085517582,20.277053685073394,57.603607458923285,-11.524447334564938,320.5565262834624,58.62068912650259,31.437877710782093,33.12041005569838,115.43864275175947,585.015057148708,90.14592221791895,508.1222668330312,744.661331212214,25.74538201384423,1.558539286068518,24.710231879493485,30.12439686515701,407.86255580434994,31.877919308599992,377.6468772117055,451.00000000000006,59.155569368751316,4.623509660680727,54.77314777703134,65.41213800000001,0.002411393742641262,0.0016183414605229981,0.0010119798003238325,0.005093572989891908,12.05696871320631,8.09170730261499,5.059899001619163,25.467864949459543,320.7020442376167,2.0287313472402735,317.0,323.0,0.7804017765155478,0.7007563092233992,0.06642564867117297,2.9917203677180586,1.048850007248426,2.9917203677180586,CYLINDER,CYLINDER_1,0.8,0.19999999999999996,True
CYL1_SEV080_W0009,CYL1_SEV080,9.0,13.99,TAKEOFF,0.6292000000000001,0.3332592984449196,0.15,0.95,2216.499511813457,817.7190819413362,1104.4078210281305,3295.230229306708,374.99394386063705,206.00604101886336,3.213115405882604,719.0236623499944,110.377198066066,60.532241646950254,23.565727783823593,170.1268624622382,97.06541068995574,75.86986954831266,0.0,309.3089535095812,123.19874616930059,309.3089535095812,84.60172663929778,52.25560022826995,18.538705832323014,165.04105544008968,4.6343964343827375,1.714191475058906,2.313066331406057,6.9015140535179755,7.829287616275221,56.83318748013169,-147.56875261166184,186.15542730477918,15.94709141437117,38.723044953521615,-6.859925869808756,192.8569124159008,26.516202557493692,64.81076249438293,-11.311129294941917,317.1870003339452,27.442018858946927,67.36542423277785,-11.499777810968054,318.1368085517582,27.143153487010217,66.65869231125758,-11.524447334564938,320.5565262834624,75.22729127689323,35.27814611230794,33.121139461457105,116.44519468538917,632.8049369431245,99.56423961342955,508.1222668330312,748.1326873428494,27.11790853114221,2.7128827440542658,24.710231879493485,33.01477176628618,422.4196585555111,31.63299452053707,377.6468772117055,451.00000000000006,61.266902437574224,4.587986259269658,54.77314777703134,65.41213800000001,0.0031904892296868246,0.0016943146469745732,0.0010119798003238325,0.005093572989891908,15.952446148434124,8.471573234872867,5.059899001619163,25.467864949459543,320.0312238443667,1.897738515316117,317.0,323.0,0.8413662001970929,0.7112124619707307,0.06808502133038193,2.9917203677180586,1.1016897244217914,2.9917203677180586,CYLINDER,CYLINDER_1,0.8,0.19999999999999996,True
CYL1_SEV080_W0010,CYL1_SEV080,10.0,14.99,TAKEOFF,0.7891999999999999,0.24518923304256243,0.15,0.95,2593.395952053521,637.9646677511016,1111.440080498017,3295.230229306708,381.8949810479406,205.06829270234874,3.213115405882604,719.0236623499944,139.2943799992976,44.62588470643031,23.57385820810215,170.1268624622382,121.47891910359333,67.69058236887253,0.0,309.3089535095812,139.06524629832748,309.3089535095812,108.1773011656235,43.09307133382558,18.594241131045887,165.04105544008968,5.423717880489752,1.3428643599615826,2.3165282982780933,6.9015140535179755,7.877900057480052,58.238196302252874,-147.56875261166184,186.15542730477918,19.83579652421395,43.01930348996772,-6.859925869808756,192.8569124159008,33.33525573354899,72.31477422369377,-11.311129294941917,317.1870003339452,34.261068681488645,74.52088690547109,-11.499777810968054,318.1368085517582,34.03184073727901,74.03373445160635,-11.524447334564938,320.5565262834624,91.9013336143196,30.862536045179034,33.121299838409485,116.51089282443742,680.8437035733166,84.64748376644283,508.12312583199486,748.4097338556342,29.04392057919687,3.6169587332732784,24.710231879493485,35.6177484636439,436.9791623002094,23.685239504785642,377.7285810811266,451.00000000000006,63.37858374169777,3.4352597672951024,54.78499794284444,65.41213800000001,0.003969579634947583,0.0013814083447269974,0.0010123703152614709,0.005093572989891908,19.847898174737914,6.907041723634987,5.061851576307355,25.467864949459543,319.36040345111684,1.478875270519155,317.0,323.0,0.9006303906493056,0.716893243948024,0.08216553897994858,2.9917203677180586,1.1511172936670884,2.9917203677180586,CYLINDER,CYLINDER_1,0.8,0.19999999999999996,True
CYL1_SEV080_W0011,CYL1_SEV080,11.0,15.99,TAKEOFF,0.9096,0.0958907711930611,0.5499999999999999,0.95,2906.8256610358085,243.14724838011108,1948.9142751713193,3295.230229306708,389.62248782814004,203.17078681063515,9.932237793683385,719.0236623499944,161.26658624931542,16.56719659636275,96.96700797059326,170.1268624622382,139.64092328777076,56.16775266387802,0.0,309.3089535095812,150.51379968618048,309.3089535095812,129.16934368539242,19.69838877739705,57.15914814945677,165.04105544008968,6.083653501883765,0.5171749558239556,4.061544860281599,6.9015140535179755,4.387926100494605,56.568342370841734,-147.56875261166184,186.15542730477918,22.701356847183902,45.98885280045979,-6.859925869808756,192.8569124159008,38.50479524253254,77.75518509762895,-11.311129294941917,317.1870003339452,39.21128886803929,79.32677584196765,-11.499777810968054,318.1368085517582,39.213728987085055,79.48825681516082,-11.524447334564938,320.5565262834624,107.25981171594579,16.91386667752644,53.364221581573304,116.51520647111808,723.2689006368704,44.687631151068786,582.595816170528,748.4315082742345,31.445659072853406,3.9892324715659915,25.07698603534378,37.9575538701107,448.6094844311831,6.862034786305402,416.4743182496488,451.00000000000006,65.06542240292994,0.9952558013361642,60.404602170292556,65.41213800000001,0.00464743931333046,0.0006303300166291577,0.002331583872154964,0.005093572989891908,23.237196566652305,3.151650083145788,11.65791936077482,25.467864949459543,318.80428707922465,0.6068362220264416,317.0,319.07294901687516,0.8807865785141737,0.7394831599892122,0.12916173156955815,2.9917203677180586,1.1500523208960258,2.9917203677180586,CYLINDER,CYLINDER_1,0.8,0.19999999999999996,True
CYL1_SEV080_W0012,CYL1_SEV080,12.0,16.990000000000002,TAKEOFF,0.9499999999999997,2.220446049250313e-16,0.95,0.95,2999.632804219855,33.3002469010665,2779.618772920311,3178.2268063979727,394.56557140827334,201.52126764987372,90.50924490615694,689.0290402939772,168.20335070395618,0.3775298363687867,165.8631142036394,170.1268624622382,143.86549656692992,38.60901790730215,26.04660204804455,306.60336563573634,148.95615920872723,306.60336563573634,136.74076743775547,3.1424583490579012,117.43321166745139,153.5289355638378,6.281573098104962,0.07255590344832871,5.821619944524484,6.65646265761468,0.8431560310694691,39.592290852635536,-117.5594569984134,168.5531112354525,23.446428514019832,45.548634270994135,-6.859925869808756,174.7822737580595,40.0056753103142,77.52665643291124,-11.311129294941917,311.73695756962996,40.059730929570456,77.6140420864801,-11.499777810968054,314.2261170593933,40.35366181302541,78.11123062961221,-11.524447334564938,320.5565262834624,115.3080464604676,2.922213731377665,100.20890256573416,116.51547251034054,744.7320268638572,8.536741584907219,702.2993535889029,748.4332602837491,34.08111681317797,3.7776913757210617,27.033592013666308,40.060532615992535,451.00000000000006,0.0,451.00000000000006,451.00000000000006,65.41213800000001,0.0,65.41213800000001,65.41213800000001,0.004908823100072778,3.8402558333730326e-05,0.0046516097495926546,0.005093572989891908,24.544115500363883,0.1920127916686516,23.258048747963272,25.467864949459543,319.0729490168751,5.684341886080802e-14,319.07294901687516,319.07294901687516,0.6865136776155416,0.5992411914261078,0.1612534257971666,2.6473330544246543,0.9112579410106652,2.6473330544246543,CYLINDER,CYLINDER_1,0.8,0.19999999999999996,True
CYL1_SEV080_W0013,CYL1_SEV080,13.0,17.990000000000002,TAKEOFF,0.9499999999999997,2.220446049250313e-16,0.95,0.95,2999.9899600485583,10.295619519832561,2972.775446844982,3023.824245860705,394.730201732799,201.4289841296175,122.05166357469602,667.4003289127252,168.2066808462012,0.11485646646450387,167.93577111939183,168.50391232281797,143.0023731970708,31.723897455660772,81.15112511814394,172.86439510566484,146.47895551843476,172.86439510566484,136.79678949279537,0.9376587415506054,134.32123521555746,138.97399952691578,6.28324193778797,0.021533193821137362,6.226166336386873,6.3330826910284586,-0.07765823351255322,32.4399564273608,-63.92000934532144,29.424953384134714,23.269750414195183,44.677601856350485,-5.797161769431872,105.61027703292147,39.838713972536674,76.23003446594497,-9.535081077664803,182.26423149548393,39.777349111238465,76.20307909449987,-9.71836637350404,181.71634482425043,40.11655969910047,76.77389849568024,-9.6843602911739,184.04514202154897,116.43759109740306,0.18699347255517548,115.46726047424083,116.51548981658281,748.1348136616134,0.6778301990324351,744.7577908567363,748.4333990941882,36.57018638411902,3.405218425947037,30.154770123233654,41.9506366310447,451.00000000000006,0.0,451.00000000000006,451.00000000000006,65.41213800000001,0.0,65.41213800000001,65.41213800000001,0.004910091992970594,1.1279016366978299e-05,0.004879963169542613,0.004936032153869534,24.55045996485297,0.05639508183489166,24.39981584771306,24.680160769347673,319.0729490168751,5.684341886080802e-14,319.07294901687516,319.07294901687516,0.6020982276916774,0.5535827751819362,0.1612534257971666,1.6810196566625153,0.8179096311742472,1.6810196566625153,CYLINDER,CYLINDER_1,0.8,0.19999999999999996,True
CYL1_SEV080_W0014,CYL1_SEV080,14.0,18.990000000000002,TAKEOFF,0.9499999999999997,2.220446049250313e-16,0.95,0.95,3000.006790284409,9.97711320734227,2985.782301898548,3014.805508410072,394.7109994899763,201.42976339104897,124.07443305565141,664.7524145462055,168.20699937745823,0.11150225507987166,168.0403770994495,168.3656592027957,143.08239296608906,31.68645608170574,87.72308311040409,164.1429270346775,146.5489770551818,164.1429270346775,136.79465218344268,0.9102026784332253,135.49101090625558,138.1462391898307,6.2831949829182685,0.020902290505270378,6.253218759190359,6.314193891482082,0.004545799728127932,32.40361897502533,-56.6127559381993,20.671883240756376,23.281711445980143,44.69493014911009,-5.67728443081998,101.21274004765107,39.85932073867267,76.2597742356197,-9.359434496714695,172.81744781745775,39.80090746554749,76.23801686772578,-9.496603026998372,172.87564834496737,40.140453315888784,76.80927062356801,-9.467384138061266,174.21041204447968,116.50968752378635,0.01185027289931926,116.44902830060447,116.5154909082292,748.4051942543341,0.05409394169498102,748.133952456684,748.4334100510033,38.81320738269035,3.0611543358800852,33.042120496069714,43.64941317906946,451.00000000000006,0.0,451.00000000000006,451.00000000000006,65.41213800000001,0.0,65.41213800000001,65.41213800000001,0.004910069615565964,1.0948161901321464e-05,0.004894328383173674,0.00492626481012546,24.55034807782982,0.054740809506607375,24.47164191586837,24.631324050627303,319.0729490168751,5.684341886080802e-14,319.07294901687516,319.07294901687516,0.5998862528708521,0.5535749616373584,0.23082621379069307,1.567016186694048,0.8162773759790448,1.567016186694048,CYLINDER,CYLINDER_1,0.8,0.19999999999999996,True
CYL1_SEV080_W0015,CYL1_SEV080,15.0,19.990000000000002,TAKEOFF,0.9499999999999997,2.220446049250313e-16,0.95,0.95,2999.999340931955,9.974792686572563,2986.667854445125,3013.6439752753067,394.7121113909007,201.4297845388382,124.29676760818643,664.6075420134437,168.20705965189558,0.11144210579739865,168.05371736812654,168.35506300773304,143.0773785612329,31.68383772690934,88.20412960608691,163.06892491743372,146.54351513819873,163.06892491743372,136.7941680059051,0.9097181243089496,135.579591653474,138.039810750039,6.2831839001755485,0.020891192291336555,6.255262526825064,6.311761182173362,2.6655152291283457e-05,32.40076489895176,-56.14599113897975,19.602737047990985,23.281436340195526,44.69438992816333,-5.661948878909996,100.66517234221965,39.857328288929246,76.25624707603664,-9.337704917012212,171.90211843024258,39.79979744928538,76.23595323934067,-9.471240270866344,171.78629577439446,40.13881648282278,76.80627285531664,-9.445526995285853,173.12945188881443,116.51424943330456,0.0011943159291881676,116.50912274133884,116.51549097466487,748.4267130999646,0.005200411138577192,748.4031484554118,748.4334109341253,40.829551971847174,2.751325752236913,35.642347983627474,45.17622948465691,451.00000000000006,0.0,451.00000000000006,451.00000000000006,65.41213800000001,0.0,65.41213800000001,65.41213800000001,0.004910063848399106,1.0942379539541466e-05,0.004895408787686009,0.004925002504793624,24.550319241995535,0.05471189769770744,24.477043938430043,24.62501252396812,319.0729490168751,5.684341886080802e-14,319.07294901687516,319.07294901687516,0.5999746696913705,0.5535294522458433,0.24961427593213326,1.5585785276074304,0.8163114961672733,1.5585785276074304,CYLINDER,CYLINDER_1,0.8,0.19999999999999996,True
CYL1_SEV080_W0016,CYL1_SEV080,16.0,20.990000000000002,TAKEOFF,0.9499999999999997,2.220446049250313e-16,0.95,0.95,3000.000025321334,9.97481769662029,2986.7707017526427,3013.576899324923,394.7121153827517,201.42977365050606,124.31154327123977,664.5889655753579,168.20705169638717,0.11144211118876696,168.0544868186152,168.35394498282488,143.0773858739349,31.683945387934404,88.22870113255911,163.01360765447978,146.5435455551164,163.01360765447978,136.79423299131787,0.9097171867140942,135.5889293078229,138.033665997354,6.28318539272257,0.02089116624775437,6.255477929722222,6.311620698631391,-3.2510105530022314e-05,32.400872918625026,-56.1155558219561,19.541991086746794,23.281386589874952,44.69430231322426,-5.661164487991376,100.62465070700826,39.85740504472227,76.25637450069227,-9.336059020287934,171.82659541565025,39.79976051768237,76.2358898524777,-9.469585190145427,171.73020776731676,40.13883372165532,76.80630631349193,-9.443739244815507,173.05830338455834,116.51453831977857,0.0009378667459338408,116.51274830159831,116.51549097917554,748.428423715858,0.0029246303208195893,748.4238792142831,748.4334110036228,42.641813748171934,2.472822730251007,37.979668628194965,46.548492379203026,451.00000000000006,0.0,451.00000000000006,451.00000000000006,65.41213800000001,0.0,65.41213800000001,65.41213800000001,0.004910064630352773,1.0942361194664814e-05,0.004895522616973396,0.00492492957917541,24.550323151763866,0.05471180597332421,24.47761308486698,24.624647895877047,319.0729490168751,5.684341886080802e-14,319.07294901687516,319.07294901687516,0.5999744548517757,0.5535313341664526,0.25058854566331745,1.5581564696633359,0.8163126143695064,1.5581564696633359,CYLINDER,CYLINDER_1,0.8,0.19999999999999996,True
CYL1_SEV080_W0017,CYL1_SEV080,17.0,21.990000000000002,TAKEOFF,0.9499999999999997,2.220446049250313e-16,0.95,0.95,3000.0000016283125,9.974815449590267,2986.7767700852623,3013.569623294577,394.71210767144356,201.42977463910228,124.31243424727961,664.587867767151,168.20705214718237,0.11144233061804867,168.05457027833276,168.3538822055516,143.07741785069868,31.68394812481464,88.23182399522537,163.00879070516484,146.54357736727795,163.00879070516484,136.7942292791072,0.9097190348884518,135.58945356960766,138.0329994565862,6.283185307325649,0.02089120895217832,6.255490023279087,6.311605459749069,3.2642658456722984e-06,32.40087708200265,-56.112748123669554,19.537009471904224,23.28139364675772,44.694314913841524,-5.661095093079222,100.62185536151758,39.85740994223206,76.25638367093772,-9.335946867366754,171.8224642028665,39.799771672412156,76.2359096687678,-9.469481630621033,171.72532106239802,40.138842589296765,76.8063219638704,-9.443642596313833,173.05394495886023,116.51455662584776,0.0009370757243125418,116.51297984374146,116.5154909794461,748.4285596731859,0.002901992764828492,748.4255369844524,748.4334110091485,44.270629123495546,2.2225090787524686,40.080413477703566,47.78184667628313,451.00000000000006,0.0,451.00000000000006,451.00000000000006,65.41213800000001,0.0,65.41213800000001,65.41213800000001,0.004910064585470028,1.0942383835223764e-05,0.00489552900756662,0.004924921668406424,24.55032292735014,0.0547119191761189,24.477645037833103,24.62460834203212,319.0729490168751,5.684341886080802e-14,319.07294901687516,319.07294901687516,0.5999739001566629,0.5535313802887253,0.2506726245649985,1.5581013926409237,0.8163122379540433,1.5581013926409237,CYLINDER,CYLINDER_1,0.8,0.19999999999999996,True
CYL1_SEV080_W0018,CYL1_SEV080,18.0,22.990000000000002,TAKEOFF,0.9499999999999997,2.220446049250313e-16,0.95,0.95,2999.9999996623237,9.974815417482603,2986.7772097741704,3013.5690319998384,394.7121084607886,201.4297746055409,124.31252551425564,664.5877800890291,168.2070521515101,0.11144230617887155,168.05457706072804,168.35387422795787,143.07741442086297,31.683947113540384,88.23205040234161,163.00829855068227,146.54357379992132,163.00829855068227,136.79422924707436,0.9097188357827559,135.58952019123535,138.0329452894764,6.283185306605176,0.020891204381588514,6.255491560090636,6.311604221344265,-1.32816581938755e-07,32.40087591733939,-56.11249268850048,19.53647964719039,23.281393225468143,44.694314152537714,-5.661087953078617,100.62153294875262,39.85740892268147,76.25638186575479,-9.335933851616478,171.82193381823035,39.79977073395577,76.2359079849992,-9.46947153138631,171.72482168539992,40.13884153875757,76.8063200875866,-9.443630128419978,173.05350780721318,116.51455778149761,0.000937096643691181,116.51299404830854,116.51549097946281,748.4285704944683,0.002901640913519148,748.4256695535801,748.4334110095926,45.73456623117188,1.9975335110421963,41.96850971744336,48.89035352883066,451.00000000000006,0.0,451.00000000000006,451.00000000000006,65.41213800000001,0.0,65.41213800000001,65.41213800000001,0.004910064585108453,1.0942381443123376e-05,0.004895529819661589,0.00492492102552723,24.550322925542265,0.05471190721561686,24.477649098307943,24.62460512763615,319.0729490168751,5.684341886080802e-14,319.07294901687516,319.07294901687516,0.5999739602287175,0.5535313627928071,0.25068118746287893,1.5580974714287135,0.8163122702420887,1.5580974714287135,CYLINDER,CYLINDER_1,0.8,0.19999999999999996,True
CYL1_SEV080_W0019,CYL1_SEV080,19.0,23.990000000000002,TAKEOFF,0.9499999999999997,2.220446049250313e-16,0.95,0.95,3000.0000000250743,9.974815434862531,2986.7772514760145,3013.5689934807283,394.71210842769,201.42977460262986,124.31253322834675,664.5877706520677,168.20705214810692,0.11144230732160347,168.0545775025579,168.35387377457457,143.07741457467594,31.683947202504193,88.2320684056316,163.0082610428985,146.5435739693309,163.0082610428985,136.7942292747187,0.9097188446969917,135.589523977479,138.0329417608324,6.283185307239385,0.020891204584398772,6.255491647430774,6.3116041406700285,-7.2821665355604635e-09,32.40087601320199,-56.11247711863649,19.53644215486188,23.28139322391436,44.69431415071359,-5.66108741513524,100.621513636258,39.8574089985129,76.25638199674476,-9.335933082251934,171.82190315525955,39.79977076032396,76.2359080335853,-9.469470648018008,171.72478363908633,40.138841591924695,76.80632018375474,-9.443629392173062,173.05347031436915,116.5145578548252,0.0009370983144901515,116.51299498157519,116.51549097946399,748.4285713542881,0.002901622386423235,748.4256799551612,748.4334110096272,47.05031493918739,1.7953312966152495,43.66548172475097,49.88665073641525,451.00000000000006,0.0,451.00000000000006,451.00000000000006,65.41213800000001,0.0,65.41213800000001,65.41213800000001,0.0049100645854399765,1.0942381547368254e-05,0.004895529865814591,0.0049249209836477095,24.550322927199883,0.05471190773684124,24.477649329072953,24.624604918238546,319.0729490168751,5.684341886080802e-14,319.07294901687516,319.07294901687516,0.5999739574997061,0.5535313643399622,0.2506818434951079,1.5580971514843833,0.8163122692854243,1.5580971514843833,CYLINDER,CYLINDER_1,0.8,0.19999999999999996,True
CYL1_SEV080_W0020,CYL1_SEV080,20.0,24.990000000000002,TAKEOFF,0.9499999999999997,2.220446049250313e-16,0.95,0.95,2999.9999999995543,9.974815433230004,2986.7772550565064,3013.5689889094365,394.71210842603284,201.42977460315706,124.31253371920661,664.5877699998746,168.20705214843858,0.11144230736038326,168.05457755499245,168.35387373738877,143.07741458081932,31.683947199702068,88.2320702306529,163.00825916364747,146.54357397472313,163.00825916364747,136.79422927200423,0.90971884505477,135.5895242880208,138.0329413420672,6.283185307177015,0.020891204592804413,6.255491654594278,6.311604131095938,1.6380709695340557e-09,32.40087601067246,-56.11247520675683,19.53644013550053,23.2813932268315,44.69431415588101,-5.661087388555829,100.62151226609096,39.85740899715459,76.25638199468604,-9.33593302664698,171.8218998346878,39.79977076366724,76.23590803944866,-9.469470592930834,171.72478173356933,40.13884159316596,76.8063201858435,-9.443629314636567,173.05346794916196,116.51455785946689,0.0009370984154961048,116.51299503997357,116.51549097946399,748.428571422661,0.0029016209511248297,748.4256807921834,748.4334110096296,48.232875751588175,1.6135971902362833,45.19067615585355,50.78209682550312,451.00000000000006,0.0,451.00000000000006,451.00000000000006,65.41213800000001,0.0,65.41213800000001,65.41213800000001,0.004910064585407276,1.0942381551968383e-05,0.004895529869599989,0.004924920978677618,24.55032292703638,0.05471190775984184,24.477649347999947,24.624604893388096,319.0729490168751,5.684341886080802e-14,319.07294901687516,319.07294901687516,0.5999739573958143,0.5535313642906363,0.2506818765711755,1.5580971196641702,0.8163122691756185,1.5580971196641702,CYLINDER,CYLINDER_1,0.8,0.19999999999999996,True
CYL1_SEV080_W0021,CYL1_SEV080,21.0,25.990000000000002,CLIMB,0.9450499999999997,0.011818312062219387,0.9004999999999999,0.95,2999.9379667732724,9.970030075305905,2986.2823845275543,3013.5689886521477,394.532108938007,201.43090829433405,122.51688386264846,664.5877699632022,167.3312869259352,2.0953298945279144,159.30276250368942,168.35387373343406,143.07046628490252,31.665950039070744,88.11916535393112,163.12906479096196,146.53289976949324,163.12906479096196,136.7886233618243,0.909192970882438,135.5445971485502,138.03294131849765,6.283056598769034,0.020879562341741962,6.254455200517583,6.3116041305570745,-0.001213675690817965,32.38240727529704,-56.214614257620234,19.685454469989686,23.28276262917146,44.680664562245994,-5.661087384998323,100.66660764141487,39.85561513787981,76.22666441225803,-9.335933021379331,171.88586361904564,39.797204322457354,76.20478916598307,-9.469470586246043,171.80034472640145,40.13488419539389,76.7731670316208,-9.44362930820689,173.12721120467455,116.25000145222877,0.7025334954854789,113.18271092870877,116.51549097946399,747.7815612374877,1.7239473525800006,740.2149071370887,748.4334110096296,49.288496210443675,1.4398744944594715,46.56148135167391,51.4768471325088,451.00000000000006,0.0,451.00000000000006,451.00000000000006,65.41213800000001,0.0,65.41213800000001,65.41213800000001,0.004888582128694305,5.228980874329834e-05,0.004688308610501358,0.004924920978397884,24.442910643471524,0.2614490437164917,23.44154305250679,24.62460489198942,318.98792023705295,0.20158702690513608,318.2442777379235,319.07294901687516,0.5862372234443283,0.5530338654973297,0.15940079360923157,1.5580971178197207,0.8059283706004113,1.5580971178197207,CYLINDER,CYLINDER_1,0.8,0.19999999999999996,True
CYL1_SEV080_W0022,CYL1_SEV080,22.0,26.990000000000002,CLIMB,0.9300999999999999,0.0304522577159724,0.8504999999999999,0.95,2999.8690023733416,9.954122375224566,2986.2823845275543,3013.568988632252,393.95889263118687,201.43435634280758,120.45226630723687,664.5877699590839,164.68496541242405,5.392314530939719,150.45848260811127,168.3538737331542,143.06422973838278,31.614579011565095,88.11916535393112,163.12906479096196,146.51571737091982,163.12906479096196,136.78232037847476,0.9077329806361374,135.5445971485502,138.03294131667502,6.282911948980962,0.020846534417159893,6.254455200517583,6.311604130515405,-0.0010025890729492063,32.32986307506305,-56.214614257620234,19.685454469989686,23.289863081274248,44.64414581972928,-5.6610873847549925,100.66660764141487,39.85306675034453,76.14223853827428,-9.335933020926227,171.88586361904564,39.79417201837288,76.1179525068428,-9.46947058590371,171.80034472640145,40.127127888391094,76.67894830277932,-9.44362930779308,173.12721120467455,115.08665081770013,2.388563336362626,108.21394123335445,116.51549097946399,744.8777667142306,5.967711059895622,727.5945295609964,748.4334110096296,50.19065414571889,1.2270297587791197,47.79352550694682,51.85405774669236,451.00000000000006,0.0,451.00000000000006,451.00000000000006,65.41213800000001,0.0,65.41213800000001,65.41213800000001,0.004823831738098697,0.00013224604345062044,0.0044728032646752175,0.0049249209783762534,24.11915869049349,0.6612302172531022,22.36401632337609,24.62460489188127,318.75147297255916,0.48109996853168957,317.57850073026077,319.07294901687516,0.5721299101274288,0.5355688440282479,0.15940079360923157,1.5580971175881977,0.7836878337426028,1.5580971175881977,CYLINDER,CYLINDER_1,0.8,0.19999999999999996,True
CYL1_SEV080_W0023,CYL1_SEV080,23.0,27.990000000000002,CLIMB,0.9100999999999999,0.04160937394386029,0.85,0.95,2999.8685220974,9.932746529376141,2986.2823845275543,3013.673036637379,393.17053893910366,201.43708726151766,120.31833192055444,664.5877699587581,161.14378058923046,7.368294203383382,150.3635540734077,168.3538737331391,143.06566616410572,31.547740124237315,88.11916535393112,163.12906479096196,146.50271240467106,163.12906479096196,136.7822026364836,0.9058709509041636,135.5445971485502,138.0424730713325,6.28290938636305,0.02080382232712544,6.254455200517583,6.311822048147755,0.0005541412590676913,32.26156872546376,-56.214614257620234,19.685454469989686,23.301351803572558,44.598389799325176,-5.6610873847339835,100.66660764141487,39.85157563847782,76.03273053414212,-9.33593302090038,171.88586361904564,39.79322501808372,76.00629851126664,-9.469470585858577,171.80034472640145,40.119513703971634,76.55655436746477,-9.443629307743644,173.12721120467455,113.17931655794959,3.854072338867723,106.4715161485249,116.51549097946399,740.0483097637335,9.743913508315487,722.8437087304668,748.4334110096296,50.91146484287635,0.9553381633880638,48.90085483801935,52.04738394249625,451.00000000000006,0.0,451.00000000000006,451.00000000000006,65.41213800000001,0.0,65.41213800000001,65.41213800000001,0.004737302993523803,0.00018030392333279551,0.0044641844299904065,0.0049249209783741405,23.68651496761902,0.9015196166639774,22.320922149952032,24.624604891870707,318.45147297255915,0.6313252356207419,317.57294901687516,319.07294901687516,0.5659314346052639,0.5052796621361333,0.15940079360923157,1.5580971175757492,0.7586737939607356,1.5580971175757492,CYLINDER,CYLINDER_1,0.8,0.19999999999999996,True
CYL1_SEV080_W0024,CYL1_SEV080,24.0,28.990000000000002,CLIMB,0.8900999999999999,0.04165741230561494,0.85,0.95,2999.868684175682,9.91126812303213,2986.2823845275543,3013.673036637379,392.38257161461627,201.43669145586816,120.31833192055444,664.5877699587354,157.6025819025526,7.377443854430723,150.3635540734077,168.3538737331373,143.06562780658598,31.48053454277744,88.11916535393112,163.12906479096196,146.4882176654204,163.12906479096196,136.78221307050097,0.9039076345673911,135.5445971485502,138.0424730713325,6.282909774999182,0.02075877531220276,6.254455200517583,6.311822048147755,0.0005049610858380902,32.1928386117453,-56.214614257620234,19.685454469989686,23.312552486536624,44.552069878723806,-5.661087384731994,100.66660764141487,39.84979548219184,75.92253812741494,-9.335933020897137,171.88586361904564,39.79179764183058,75.89362745012028,-9.46947058585562,171.80034472640145,40.11148219602694,76.43322586792532,-9.443629307740943,173.12721120467455,111.15531732211336,4.211803623607723,106.36121468308849,116.51549097946399,734.8777746539263,10.734188797527997,722.4600429573865,748.4334110096296,51.45743496388081,0.6641289652770537,49.89609371984372,52.21211406385786,451.00000000000006,0.0,451.00000000000006,451.00000000000006,65.41213800000001,0.0,65.41213800000001,65.41213800000001,0.004650775639255701,0.00018043016162209082,0.0044641844299904065,0.00492492097837397,23.2538781962785,0.9021508081104541,22.320922149952032,24.624604891869847,318.1514729725591,0.621036171685658,317.57294901687516,319.07294901687516,0.5597174224312491,0.4729896201567962,0.15940079360923157,1.5580971175746918,0.7328047309816933,1.5580971175746918,CYLINDER,CYLINDER_1,0.8,0.19999999999999996,True
CYL1_SEV080_W0025,CYL1_SEV080,25.0,29.990000000000002,CLIMB,0.8700999999999999,0.030648654130320287,0.85,0.95,2999.868669583628,9.889729588119911,2986.2823845275543,3013.673036637379,391.5945961643667,201.43321663962783,120.31833192055444,664.5877699587325,154.06138518955453,5.429678248147489,150.3635540734077,168.3538737331372,143.06561538354995,31.413164741184136,88.11916535393112,163.12906479096196,146.47374243915058,163.12906479096196,136.78220546536562,0.9019412941876344,135.5445971485502,138.0424730713325,6.282909749229786,0.020713660270184345,6.254455200517583,6.311822048147755,0.0005001689545714924,32.123942197011495,-56.214614257620234,19.685454469989686,23.32376938990732,44.50572751572174,-5.655308902786471,100.66660764141487,39.84800410888499,75.81216755525162,-9.322342219273166,171.88586361904564,39.79038718717919,75.78081832248307,-9.464486653968104,171.80034472640145,40.10345469757848,76.3097036518597,-9.443629307740737,173.12721120467455,109.12393395296394,3.5315746941264976,106.35423479163492,116.51484771907123,729.6801176242593,9.078578539023871,722.4284436480345,748.427623129512,51.84565873675084,0.4106342992006816,50.79058861318825,52.359598200209874,451.00000000000006,0.0,451.00000000000006,451.00000000000006,65.41213800000001,0.0,65.41213800000001,65.41213800000001,0.004564248090645247,0.00013276539343840384,0.0044641844299904065,0.0049182832175390665,22.82124045322624,0.6638269671920192,22.320922149952032,24.591416087695332,317.8514729725592,0.4390903095632727,317.57294901687516,319.07294901687516,0.5535032750621725,0.4382387349722096,0.15940079360923157,1.5554438867006355,0.7059880058008022,1.5554438867006355,CYLINDER,CYLINDER_1,0.8,0.19999999999999996,True
CYL1_SEV080_W0026,CYL1_SEV080,26.0,30.990000000000002,CLIMB,0.8550499999999998,0.011986346399132625,0.85,0.8999999999999999,2999.930703347413,9.873415006752605,2986.5026116918925,3013.673036637379,390.98661856623204,201.42885459561592,120.31833192055444,662.7267731604095,151.39595357394487,2.1267695250079113,150.3635540734077,159.49612695333775,143.0725580539983,31.363835738983564,88.51445507216587,162.96288985224538,146.4699527561085,162.96288985224538,136.78780490601184,0.9005423118933296,135.56321884353218,138.0424730713325,6.283038457919728,0.02068113093343302,6.254884817630734,6.311822048147755,0.0017146900667138,32.07355882081702,-55.79085796095751,19.487363768735477,23.333616998191538,44.473053372504076,-5.476809163836655,100.43838228098076,39.84800971017541,75.73156524931782,-9.03586826713638,171.32338548084783,39.79154446092994,75.69918321104178,-9.162156385499227,171.2172441794891,40.09938688470141,76.21939504182244,-9.142386278750598,172.48461910650536,107.35663962005955,1.8178062775862722,106.35379293692321,113.1370782656861,725.1273141192592,4.77244384726406,722.4259309130316,740.089457677914,52.09930046886322,0.264825415888605,51.48219078222081,52.4921169482169,451.00000000000006,0.0,451.00000000000006,451.00000000000006,65.41213800000001,0.0,65.41213800000001,65.41213800000001,0.004499203010931252,5.2558220053447565e-05,0.0044641844299904065,0.004700876208439894,22.496015054656265,0.26279110026723773,22.320922149952032,23.504381042199473,317.6365017523813,0.15347983679957816,317.57294901687516,318.23664424312256,0.5610259779837227,0.4024058441574957,0.16562677299011225,1.3937732225207653,0.6904206046930372,1.3937732225207653,CYLINDER,CYLINDER_1,0.8,0.19999999999999996,True
CYL1_SEV080_W0027,CYL1_SEV080,27.0,31.990000000000002,CLIMB,0.8499999999999998,2.220446049250313e-16,0.85,0.85,2999.9996677840595,9.86743597638899,2986.6711780599453,3013.673036637379,390.7718580185517,201.4271712945765,120.31833192055444,660.686005764353,150.5010782501449,0.09864228650987844,150.3635540734077,150.6347410732409,143.0787880636261,31.34810912467509,88.7008163920078,162.96288985224538,146.4726716471321,162.96288985224538,136.7941014133843,0.900005489410906,135.56779379674808,138.0424730713325,6.283183107845752,0.02066833330643201,6.2549903608755395,6.311822048147755,0.001503542396029232,32.05748686387243,-55.62454451870195,19.487363768735477,23.33773343927361,44.46332945684752,-5.295829556355195,100.4046481567508,39.84876957259777,75.70592830662356,-8.746195769045505,171.11608997004987,39.793167346687405,75.67353292237976,-8.854866083341891,170.9925225684083,40.0991177050673,76.19047191667845,-8.835038867427912,172.21560213345703,106.4881099316105,0.3229649535970979,106.3537649674205,108.16519688545469,722.8311234576024,0.9292613696116973,722.4257311409523,727.4596111383044,52.271352759141564,0.21592732434991596,51.856324520477216,52.61121907338296,451.00000000000006,0.0,451.00000000000006,451.00000000000006,65.41213800000001,0.0,65.41213800000001,65.41213800000001,0.004477425865035974,9.686284065367639e-06,0.0044641844299904065,0.004490819983815969,22.387129325179874,0.04843142032683809,22.320922149952032,22.454099919079844,317.5729490168751,5.684341886080802e-14,317.57294901687516,317.57294901687516,0.5689192483998794,0.387016508987253,0.31772519989127485,1.2403414955360894,0.6880776768858035,1.2403414955360894,CYLINDER,CYLINDER_1,0.8,0.19999999999999996,True
CYL1_SEV080_W0028,CYL1_SEV080,28.0,32.99,CLIMB,0.8499999999999998,2.220446049250313e-16,0.85,0.85,3000.000148052473,9.867360188854567,2986.8749147162193,3013.433562754797,390.7722348414705,201.4271362010194,120.37367895504644,660.652203269148,150.5010662367594,0.09863176896760806,150.3660117175803,150.6314632532422,143.07734515634132,31.34786682237053,88.79963786666073,162.7418788009221,146.47121031554263,162.7418788009221,136.794212672665,0.8999077395789881,135.59839128001502,138.02053555311608,6.2831856704467315,0.020666080258082132,6.255696192842743,6.311320495220924,-5.3186770373301326e-05,32.0571790747181,-55.53009115570604,19.272482896414783,23.33746162232604,44.462843281412994,-5.293043263722842,100.29211605869297,39.84847216820926,75.70538732334612,-8.74210532429574,170.88958135801974,39.792704947704905,75.67270909332485,-8.84983080752934,170.76873723900866,40.09870641810115,76.18974177633608,-8.830249132562223,171.97307547287946,106.36356199602412,0.02046533913840623,106.35376319784854,106.46996465242528,722.4605815861441,0.07392533454728147,722.4257152522052,722.8277201036772,52.41349352440283,0.1929790370382883,52.04916201495972,52.71826482955456,451.00000000000006,0.0,451.00000000000006,451.00000000000006,65.41213800000001,0.0,65.41213800000001,65.41213800000001,0.004477427073047151,9.685220483724422e-06,0.004464518165760819,0.004490587022646978,22.387135365235757,0.04842610241862198,22.322590828804096,22.45293511323489,317.5729490168751,5.684341886080802e-14,317.57294901687516,317.57294901687516,0.5689036815588745,0.3870355874081961,0.3202632089595464,1.2386071900725388,0.6880755371408349,1.2386071900725388,CYLINDER,CYLINDER_1,0.8,0.19999999999999996,True
CYL1_SEV080_W0029,CYL1_SEV080,29.0,33.99,CLIMB,0.8499999999999998,2.220446049250313e-16,0.85,0.85,2999.9999859747745,9.867349654640249,2986.8950345124176,3013.406751282403,390.7722252968838,201.42713938776197,120.37687052357205,660.6482952291988,150.50106808677288,0.09863194148480647,150.36628680384393,150.6312674926481,143.07737703220164,31.347849641173767,88.80983524480331,162.72969658389738,146.47123777568217,162.72969658389738,136.79419575671585,0.8999095699581852,135.60021808646928,138.01807953924404,6.28318528181155,0.020666123470357997,6.255738331645363,6.311264341404455,-4.006325713874048e-06,32.05716335741232,-55.51932886510236,19.26084876010709,23.33747784414922,44.46287192107213,-5.29289003660793,100.28527249970863,39.848463809016366,75.70537428032246,-8.741856455541503,170.8715225175194,39.792722924241005,75.67274053926374,-8.849541474883756,170.7564028689904,40.098712454795084,76.18975188042332,-8.829876828261797,171.9591156283462,106.35567891801144,0.0015431823454884577,106.35376308578181,106.36302398238672,722.431116789626,0.006516136817468551,722.4257139889274,722.4628507005266,52.540600959260175,0.17337577961740325,52.21369928450058,52.81447476956583,451.00000000000006,0.0,451.00000000000006,451.00000000000006,65.41213800000001,0.0,65.41213800000001,65.41213800000001,0.004477426890759922,9.6852418339451e-06,0.004464538087770331,0.004490560937989705,22.387134453799607,0.04842620916972542,22.322690438851655,22.45280468994853,317.5729490168751,5.684341886080802e-14,317.57294901687516,317.57294901687516,0.5689036513884875,0.38703500157020115,0.32055602171742625,1.2384295142529305,0.6880751826679984,1.2384295142529305,CYLINDER,CYLINDER_1,0.8,0.19999999999999996,True
CYL1_SEV080_W0030,CYL1_SEV080,30.0,34.99,CLIMB,0.8499999999999998,2.220446049250313e-16,0.85,0.85,3000.000000566814,9.867350279577503,2986.8967352074505,3013.405211909612,390.77222387814516,201.42713926695302,120.3771723143758,660.6479000168899,150.50106796311115,0.09863198031281538,150.36630259740468,150.6312516589042,143.07738297322737,31.347852952473314,88.81047800232112,162.72837611203425,146.47124428773543,162.72837611203425,136.79419687987817,0.8999099074078354,135.60036584166494,138.01793852859421,6.283185307580952,0.020666131142597965,6.2557417398905795,6.311261117349621,7.857682585239445e-07,32.0571669306091,-55.51871387701759,19.259521727354795,23.337477845547916,44.4628719536217,-5.292873274263626,100.28456459414483,39.848466666701526,75.70537922233994,-8.741831407257292,170.87043413555435,39.792723979099556,75.67274246366607,-8.849513731785674,170.7550656219251,40.09871448187839,76.18975552709146,-8.829853579036179,171.95778816859698,106.35517996581068,0.0008340513460676251,106.35376307869076,106.35641809348917,722.4287738267418,0.002903658809333767,722.4257138884806,722.4357036377033,52.65480099920901,0.15582129225755667,52.3610256194414,52.90094576765958,451.00000000000006,0.0,451.00000000000006,451.00000000000006,65.41213800000001,0.0,65.41213800000001,65.41213800000001,0.004477426902814598,9.685245357517626e-06,0.004464539699078881,0.0044905594403324405,22.387134514072994,0.0484262267875881,22.322698495394405,22.4527972016622,317.5729490168751,5.684341886080802e-14,317.57294901687516,317.57294901687516,0.5689037564075973,0.38703493725841076,0.32058557247634456,1.2384180939283802,0.6880752333235783,1.2384180939283802,CYLINDER,CYLINDER_1,0.8,0.19999999999999996,True
CYL1_SEV080_W0031,CYL1_SEV080,31.0,35.99,CLIMB,0.8499999999999998,2.220446049250313e-16,0.85,0.85,3000.0000000296386,9.867350273092825,2986.8968385556245,3013.405063526574,390.7722240956992,201.42713925933586,120.37719629982882,660.6478766627904,150.50106796455162,0.09863197486758374,150.3663041197732,150.6312499393629,143.07738211506972,31.34785270149789,88.81053067839483,162.72825112989284,146.47124339574808,162.72825112989284,136.7941968675447,0.8999098578902057,135.60038188782372,138.01792493631638,6.283185307301437,0.020666130006184915,6.255742110024619,6.311260806576914,-5.977642261711935e-08,32.057166641408635,-55.51865404095304,19.25938928312118,23.337477739400388,44.46287176286407,-5.292871671870379,100.28448661948171,39.848466408722885,75.70537876681868,-8.741828620480565,170.87030941225217,39.79272374625113,75.67274204757415,-8.84951148133691,170.7549390227664,40.09871422069527,76.1897550620385,-8.829850980992434,171.95768178191278,106.35514838442081,0.0008293276182904786,106.35376307824207,106.35599986215242,722.4285875229484,0.0028699435834598974,722.4257138804918,722.4335453881187,52.75743844902011,0.14004785008587842,52.493403520807036,52.97866365790098,451.00000000000006,0.0,451.00000000000006,451.00000000000006,65.41213800000001,0.0,65.41213800000001,65.41213800000001,0.004477426902687075,9.685244825635666e-06,0.004464539874066228,0.004490559295970358,22.387134513435374,0.048426224128178354,22.322699370331144,22.45279647985179,317.5729490168751,5.684341886080802e-14,317.57294901687516,317.57294901687516,0.5689037451168727,0.38703494809599326,0.3205873197640673,1.2384171808897069,0.6880752300843795,1.2384171808897069,CYLINDER,CYLINDER_1,0.8,0.19999999999999996,True
CYL1_SEV080_W0032,CYL1_SEV080,32.0,36.99,CLIMB,0.8499999999999998,2.220446049250313e-16,0.85,0.85,2999.999999993054,9.867350269677413,2986.8968482416917,3013.405052377369,390.7722240811713,201.42713926095837,120.37719775901076,660.6478746803131,150.50106796520208,0.09863197520910248,150.3663042341609,150.63124984511757,143.0773821701233,31.34785270730817,88.81053557453464,162.72824359598127,146.47124345076955,162.72824359598127,136.794196861555,0.8999098610980855,135.60038276728787,138.01792391501976,6.2831853071636345,0.020666130080275808,6.25574213031107,6.311260783226072,1.4046384961829971e-09,32.05716664968893,-55.51864908522472,19.259381426191613,23.337477751002552,44.46287178351759,-5.292871575571725,100.2844821225305,39.84846641827056,75.70537878435512,-8.741828460203353,170.87030253227013,39.79272376482955,75.67274208051478,-8.849511344480014,170.7549313919231,40.09871423602063,76.18975508908147,-8.829850838103246,171.95767531076496,106.35514638556214,0.0008292665370601929,106.35376307821365,106.35597339436111,722.4285727083417,0.002870013080682466,722.4257138798567,722.4333737378973,52.84968616324585,0.1258713473478033,52.61237911940995,53.04851448186953,451.00000000000006,0.0,451.00000000000006,451.00000000000006,65.41213800000001,0.0,65.41213800000001,65.41213800000001,0.004477426902622259,9.685244860752576e-06,0.004464539883657003,0.004490559285123279,22.3871345131113,0.04842622430376288,22.322699418285016,22.452796425616395,317.5729490168751,5.684341886080802e-14,317.57294901687516,317.57294901687516,0.5689037456657484,0.3870349473305209,0.3205874676711729,1.2384170946471043,0.6880752301076224,1.2384170946471043,CYLINDER,CYLINDER_1,0.8,0.19999999999999996,True
CYL1_SEV080_W0033,CYL1_SEV080,33.0,37.99,CLIMB,0.8499999999999998,2.220446049250313e-16,0.85,0.85,3000.000000000566,9.867350270093127,2986.896849348618,3013.4050516496495,390.772224081339,201.42713926083067,120.3771979158563,660.6478744839192,150.5010679651215,0.09863197520732117,150.36630424162712,150.63124983434722,143.07738216970833,31.34785270831243,88.81053583731332,162.72824301486207,146.47124345057912,162.72824301486207,136.7941968622908,0.8999098610707048,135.60038286779337,138.01792384835872,6.283185307180536,0.020666130079595883,6.255742132629413,6.3112607817019395,2.369660023759934e-10,32.05716665067277,-55.5186487839645,19.25938077122568,23.33747775042698,44.46287178250475,-5.292871568030581,100.28448169718865,39.848466418911805,75.70537878541322,-8.74182844486544,170.8703017880868,39.79272376431873,75.67274207963021,-8.849511330406335,170.75493080311804,40.0987142360508,76.18975508916198,-8.829850822514418,171.95767462756532,106.35514625904337,0.0008292636282579631,106.35376307821188,106.35597171944796,722.4285715303349,0.002870036101688726,722.4257138798062,722.4333600895569,52.93259600579957,0.11312989074253821,52.71931116069959,53.11129459072323,451.00000000000006,0.0,451.00000000000006,451.00000000000006,65.41213800000001,0.0,65.41213800000001,65.41213800000001,0.004477426902630182,9.685244860386219e-06,0.00446453988475304,0.004490559284415281,22.38713451315091,0.048426224301931144,22.3226994237652,22.452796422076407,317.5729490168751,5.684341886080802e-14,317.57294901687516,317.57294901687516,0.5689037456794819,0.38703494734344024,0.3205874824037054,1.2384170900075373,0.6880752301262444,1.2384170900075373,CYLINDER,CYLINDER_1,0.8,0.19999999999999996,True
CYL1_SEV080_W0034,CYL1_SEV080,34.0,38.99,CLIMB,0.8499999999999998,2.220446049250313e-16,0.85,0.85,2999.999999999983,9.867350270069961,2986.89684941182,3013.405051570819,390.77222408141563,201.42713926083405,120.37719793289727,660.6478744732829,150.50106796512608,0.09863197520528556,150.3663042424359,150.63124983373226,143.07738216939399,31.34785270816462,88.81053586802756,162.72824294604888,146.47124345024045,162.72824294604888,136.79419686224946,0.8999098610527386,135.60038287353186,138.01792384113767,6.283185307179586,0.020666130079186124,6.255742132761782,6.311260781536838,-3.506295342958765e-11,32.05716665051105,-55.51864875438389,19.25938070403351,23.33747775041413,44.46287178248059,-5.2928715671615905,100.28448166373383,39.84846641877928,75.7053787851829,-8.74182844369245,170.87030171781228,39.79272376425322,75.67274207951174,-8.849511328852834,170.75493073343904,40.09871423594736,76.18975508897645,-8.829850821028517,171.95767455286241,106.35514625103534,0.0008292634478608696,106.35376307821173,106.35597161337294,722.4285714366636,0.002870038042394864,722.4257138798027,722.4333590043976,53.00711322118925,0.10167820108913704,52.815418896974286,53.16771972422585,451.00000000000006,0.0,451.00000000000006,451.00000000000006,65.41213800000001,0.0,65.41213800000001,65.41213800000001,0.00447742690262974,9.685244860196763e-06,0.00446453988481562,0.0044905592843385855,22.387134513148695,0.0484262243009839,22.3226994240781,22.452796421692927,317.5729490168751,5.684341886080802e-14,317.57294901687516,317.57294901687516,0.5689037456743933,0.38703494734702865,0.32058748320218344,1.238417089468759,0.6880752301240556,1.238417089468759,CYLINDER,CYLINDER_1,0.8,0.19999999999999996,True
CYL1_SEV080_W0035,CYL1_SEV080,35.0,39.99,CLIMB,0.8499999999999998,2.220446049250313e-16,0.85,0.85,2999.999999999998,9.867350270069778,2986.8968494180554,3013.405051566499,390.77222408140614,201.4271392608345,120.37719793388385,660.6478744720209,150.50106796512614,0.09863197520552076,150.3663042424802,150.63124983367226,143.07738216943108,31.347852708174234,88.81053587116583,162.72824294223807,146.47124345027873,162.72824294223807,136.79419686224918,0.8999098610548826,135.60038287409154,138.01792384074196,6.283185307179579,0.02066613007923537,6.255742132774692,6.311260781527791,2.326601133972872e-12,32.05716665052232,-55.51864875106267,19.259380700376646,23.337477750419296,44.46287178248985,-5.292871567113615,100.28448166168019,39.848466418789585,75.70537878520119,-8.741828443617674,170.87030171357267,39.79272376426372,75.67274207953048,-8.84951132876329,170.7549307295806,40.09871423595848,76.18975508899624,-8.829850820939141,171.9576745485452,106.35514625052849,0.0008292634364642344,106.35376307821173,106.35597160666364,722.428571429215,0.0028700381974365247,722.4257138798027,722.4333589180902,53.07408736157819,0.09138571955497551,52.90179803701645,53.21843317071261,451.00000000000006,0.0,451.00000000000006,451.00000000000006,65.41213800000001,0.0,65.41213800000001,65.41213800000001,0.004477426902629735,9.685244860219833e-06,0.004464539884821723,0.004490559284334383,22.387134513148677,0.04842622430109925,22.322699424108613,22.452796421671916,317.5729490168751,5.684341886080802e-14,317.57294901687516,317.57294901687516,0.5689037456748602,0.38703494734655164,0.32058748329670106,1.238417089414046,0.6880752301241734,1.238417089414046,CYLINDER,CYLINDER_1,0.8,0.19999999999999996,True
CYL1_SEV080_W0036,CYL1_SEV080,36.0,40.99,CLIMB,0.8499999999999998,2.220446049250313e-16,0.85,0.85,3000.0,9.867350270069952,2986.896849418497,3013.4050515660233,390.7722240814067,201.42713926083442,120.3771979339756,660.6478744719498,150.50106796512608,0.09863197520550922,150.36630424248509,150.63124983366728,143.0773821694291,31.347852708174152,88.8105358713502,162.72824294181743,146.47124345027677,162.72824294181743,136.79419686224946,0.8999098610547648,135.60038287413806,138.01792384069836,6.283185307179587,0.020666130079232643,6.255742132775765,6.311260781526794,2.6489033189136536e-14,32.05716665052215,-55.518648750872714,19.259380699950015,23.337477750418817,44.462871782488996,-5.292871567108266,100.28448166144841,39.84846641878933,75.70537878520071,-8.741828443609457,170.87030171324722,39.792723764263,75.67274207952921,-8.849511328754804,170.75493072915455,40.09871423595794,76.18975508899528,-8.829850820932181,171.9576745481407,106.3551462504964,0.0008292634357425512,106.35376307821173,106.35597160623884,722.428571428623,0.002870038209766708,722.4257138798027,722.4333589112285,53.13428198184094,0.0821351041547661,52.97943336762459,53.26401310105426,451.00000000000006,0.0,451.00000000000006,451.00000000000006,65.41213800000001,0.0,65.41213800000001,65.41213800000001,0.00447742690262974,9.685244860218483e-06,0.004464539884822231,0.00449055928433392,22.387134513148695,0.048426224301092516,22.322699424111153,22.452796421669603,317.5729490168751,5.684341886080802e-14,317.57294901687516,317.57294901687516,0.5689037456748426,0.3870349473465802,0.3205874833020338,1.2384170894108262,0.6880752301241748,1.2384170894108262,CYLINDER,CYLINDER_1,0.8,0.19999999999999996,True
CYL1_SEV080_W0037,CYL1_SEV080,37.0,41.99,CLIMB,0.8499999999999998,2.220446049250313e-16,0.85,0.85,3000.0,9.867350270069936,2986.8968494185283,3013.4050515659774,390.7722240814067,201.42713926083442,120.3771979339831,660.6478744719424,150.50106796512608,0.09863197520550944,150.36630424248554,150.63124983366697,143.0773821694291,31.347852708174102,88.81053587136648,162.72824294179256,146.47124345027675,162.72824294179256,136.79419686224946,0.8999098610547641,135.60038287414093,138.01792384069412,6.283185307179587,0.02066613007923261,6.255742132775831,6.3112607815266974,4.6497916628140953e-14,32.0571666505221,-55.518648750853934,19.259380699925146,23.337477750418838,44.462871782489024,-5.292871567107951,100.2844816614353,39.84846641878929,75.70537878520065,-8.741828443609,170.87030171320865,39.79272376426301,75.67274207952923,-8.84951132875414,170.75493072912934,40.098714235957935,76.18975508899527,-8.829850820931366,171.95767454810817,106.35514625049436,0.0008292634356965005,106.35376307821173,106.35597160621194,722.428571428576,0.002870038210745552,722.4257138798027,722.4333589106828,53.188383345257954,0.07382089101352148,53.04920998913619,53.30497916023329,451.00000000000006,0.0,451.00000000000006,451.00000000000006,65.41213800000001,0.0,65.41213800000001,65.41213800000001,0.004477426902629739,9.68524486021843e-06,0.0044645398848222615,0.004490559284333874,22.387134513148688,0.04842622430109235,22.322699424111306,22.45279642166937,317.5729490168751,5.684341886080802e-14,317.57294901687516,317.57294901687516,0.5689037456748417,0.38703494734658,0.3205874833025765,1.2384170894105435,0.6880752301241739,1.2384170894105435,CYLINDER,CYLINDER_1,0.8,0.19999999999999996,True
CYL1_SEV080_W0038,CYL1_SEV080,38.0,42.99,CLIMB,0.8499999999999998,2.220446049250313e-16,0.85,0.85,3000.0,9.867350270069943,2986.896849418531,3013.405051565975,390.7722240814067,201.42713926083442,120.37719793398355,660.6478744719419,150.50106796512608,0.09863197520550993,150.36630424248557,150.63124983366694,143.0773821694291,31.34785270817411,88.81053587136773,162.72824294179054,146.47124345027677,162.72824294179054,136.79419686224946,0.8999098610547648,135.6003828741412,138.01792384069392,6.283185307179587,0.02066613007923263,6.255742132775837,6.311260781526693,6.696154741803184e-14,32.057166650522106,-55.5186487508528,19.259380699922954,23.337477750418838,44.462871782489024,-5.292871567107923,100.28448166143396,39.84846641878931,75.70537878520066,-8.741828443608947,170.87030171320652,39.792723764263016,75.67274207952923,-8.849511328754097,170.7549307291273,40.09871423595794,76.18975508899527,-8.829850820931323,171.95767454810616,106.35514625049423,0.0008292634356932525,106.35376307821173,106.35597160621028,722.4285714285726,0.002870038210820311,722.4257138798027,722.4333589106395,53.23700824746369,0.0663482919399688,53.111923406746186,53.34179839168188,451.00000000000006,0.0,451.00000000000006,451.00000000000006,65.41213800000001,0.0,65.41213800000001,65.41213800000001,0.004477426902629739,9.685244860218415e-06,0.004464539884822265,0.004490559284333872,22.387134513148688,0.04842622430109226,22.322699424111327,22.452796421669362,317.5729490168751,5.684341886080802e-14,317.57294901687516,317.57294901687516,0.5689037456748419,0.3870349473465797,0.32058748330261155,1.2384170894105213,0.688075230124174,1.2384170894105213,CYLINDER,CYLINDER_1,0.8,0.19999999999999996,True
CYL1_SEV080_W0039,CYL1_SEV080,39.0,43.99,CLIMB,0.8499999999999998,2.220446049250313e-16,0.85,0.85,3000.0,9.867350270069943,2986.896849418531,3013.405051565975,390.7722240814067,201.42713926083442,120.37719793398355,660.6478744719419,150.50106796512608,0.09863197520550993,150.36630424248557,150.63124983366694,143.0773821694291,31.34785270817411,88.81053587136773,162.72824294179054,146.47124345027677,162.72824294179054,136.79419686224946,0.8999098610547648,135.6003828741412,138.01792384069392,6.283185307179587,0.02066613007923263,6.255742132775837,6.311260781526693,6.696154741803184e-14,32.057166650522106,-55.5186487508528,19.259380699922954,23.337477750418838,44.462871782489024,-5.292871567107923,100.28448166143396,39.84846641878931,75.70537878520066,-8.741828443608947,170.87030171320652,39.792723764263016,75.67274207952923,-8.849511328754097,170.7549307291273,40.09871423595794,76.18975508899527,-8.829850820931323,171.95767454810616,106.35514625049422,0.0008292634356928436,106.35376307821173,106.35597160621012,722.4285714285722,0.0028700382108232587,722.4257138798027,722.4333589106366,53.28071104837638,0.05963211376716746,53.16828859988874,53.37489056192316,451.00000000000006,0.0,451.00000000000006,451.00000000000006,65.41213800000001,0.0,65.41213800000001,65.41213800000001,0.004477426902629739,9.685244860218415e-06,0.004464539884822265,0.004490559284333872,22.387134513148688,0.04842622430109226,22.322699424111327,22.452796421669362,317.5729490168751,5.684341886080802e-14,317.57294901687516,317.57294901687516,0.5689037456748419,0.3870349473465797,0.32058748330261155,1.2384170894105213,0.688075230124174,1.2384170894105213,CYLINDER,CYLINDER_1,0.8,0.19999999999999996,True
CYL1_SEV080_W0040,CYL1_SEV080,40.0,44.99,CLIMB,0.8499999999999998,2.220446049250313e-16,0.85,0.85,3000.0,9.867350270069943,2986.896849418531,3013.405051565975,390.7722240814067,201.42713926083442,120.37719793398355,660.6478744719419,150.50106796512608,0.09863197520550993,150.36630424248557,150.63124983366694,143.0773821694291,31.34785270817411,88.81053587136773,162.72824294179054,146.47124345027677,162.72824294179054,136.79419686224946,0.8999098610547648,135.6003828741412,138.01792384069392,6.283185307179587,0.02066613007923263,6.255742132775837,6.311260781526693,6.696154741803184e-14,32.057166650522106,-55.5186487508528,19.259380699922954,23.337477750418838,44.462871782489024,-5.292871567107923,100.28448166143396,39.84846641878931,75.70537878520066,-8.741828443608947,170.87030171320652,39.792723764263016,75.67274207952923,-8.849511328754097,170.7549307291273,40.09871423595794,76.18975508899527,-8.829850820931323,171.95767454810616,106.35514625049422,0.0008292634356928436,106.35376307821173,106.35597160621012,722.4285714285722,0.0028700382108232587,722.4257138798027,722.4333589106366,53.31998999231199,0.053595787086977285,53.21894817353456,53.40463294622044,451.00000000000006,0.0,451.00000000000006,451.00000000000006,65.41213800000001,0.0,65.41213800000001,65.41213800000001,0.004477426902629739,9.685244860218415e-06,0.004464539884822265,0.004490559284333872,22.387134513148688,0.04842622430109226,22.322699424111327,22.452796421669362,317.5729490168751,5.684341886080802e-14,317.57294901687516,317.57294901687516,0.5689037456748419,0.3870349473465797,0.32058748330261155,1.2384170894105213,0.688075230124174,1.2384170894105213,CYLINDER,CYLINDER_1,0.8,0.19999999999999996,True
CYL1_SEV080_W0041,CYL1_SEV080,41.0,45.99,CLIMB,0.8499999999999998,2.220446049250313e-16,0.85,0.85,3000.0,9.867350270069943,2986.896849418531,3013.405051565975,390.7722240814067,201.42713926083442,120.37719793398355,660.6478744719419,150.50106796512608,0.09863197520550993,150.36630424248557,150.63124983366694,143.0773821694291,31.34785270817411,88.81053587136773,162.72824294179054,146.47124345027677,162.72824294179054,136.79419686224946,0.8999098610547648,135.6003828741412,138.01792384069392,6.283185307179587,0.02066613007923263,6.255742132775837,6.311260781526693,6.696154741803184e-14,32.057166650522106,-55.5186487508528,19.259380699922954,23.337477750418838,44.462871782489024,-5.292871567107923,100.28448166143396,39.84846641878931,75.70537878520066,-8.741828443608947,170.87030171320652,39.792723764263016,75.67274207952923,-8.849511328754097,170.7549307291273,40.09871423595794,76.18975508899527,-8.829850820931323,171.95767454810616,106.35514625049422,0.0008292634356928436,106.35376307821173,106.35597160621012,722.4285714285722,0.0028700382108232587,722.4257138798027,722.4333589106366,53.35529288833871,0.04817049330205999,53.264479684364076,53.431364629795084,451.00000000000006,0.0,451.00000000000006,451.00000000000006,65.41213800000001,0.0,65.41213800000001,65.41213800000001,0.004477426902629739,9.685244860218415e-06,0.004464539884822265,0.004490559284333872,22.387134513148688,0.04842622430109226,22.322699424111327,22.452796421669362,317.5729490168751,5.684341886080802e-14,317.57294901687516,317.57294901687516,0.5689037456748419,0.3870349473465797,0.32058748330261155,1.2384170894105213,0.688075230124174,1.2384170894105213,CYLINDER,CYLINDER_1,0.8,0.19999999999999996,True
CYL1_SEV080_W0042,CYL1_SEV080,42.0,46.99,CLIMB,0.8499999999999998,2.220446049250313e-16,0.85,0.85,3000.0,9.867350270069943,2986.896849418531,3013.405051565975,390.7722240814067,201.42713926083442,120.37719793398355,660.6478744719419,150.50106796512608,0.09863197520550993,150.36630424248557,150.63124983366694,143.0773821694291,31.34785270817411,88.81053587136773,162.72824294179054,146.47124345027677,162.72824294179054,136.79419686224946,0.8999098610547648,135.6003828741412,138.01792384069392,6.283185307179587,0.02066613007923263,6.255742132775837,6.311260781526693,6.696154741803184e-14,32.057166650522106,-55.5186487508528,19.259380699922954,23.337477750418838,44.462871782489024,-5.292871567107923,100.28448166143396,39.84846641878931,75.70537878520066,-8.741828443608947,170.87030171320652,39.792723764263016,75.67274207952923,-8.849511328754097,170.7549307291273,40.09871423595794,76.18975508899527,-8.829850820931323,171.95767454810616,106.35514625049422,0.0008292634356928436,106.35376307821173,106.35597160621012,722.4285714285722,0.0028700382108232587,722.4257138798027,722.4333589106366,53.387022215632115,0.04329438004291668,53.30540222534146,53.45539037364916,451.00000000000006,0.0,451.00000000000006,451.00000000000006,65.41213800000001,0.0,65.41213800000001,65.41213800000001,0.004477426902629739,9.685244860218415e-06,0.004464539884822265,0.004490559284333872,22.387134513148688,0.04842622430109226,22.322699424111327,22.452796421669362,317.5729490168751,5.684341886080802e-14,317.57294901687516,317.57294901687516,0.5689037456748419,0.3870349473465797,0.32058748330261155,1.2384170894105213,0.688075230124174,1.2384170894105213,CYLINDER,CYLINDER_1,0.8,0.19999999999999996,True
CYL1_SEV080_W0043,CYL1_SEV080,43.0,47.99,CLIMB,0.8499999999999998,2.220446049250313e-16,0.85,0.85,3000.0,9.867350270069943,2986.896849418531,3013.405051565975,390.7722240814067,201.42713926083442,120.37719793398355,660.6478744719419,150.50106796512608,0.09863197520550993,150.36630424248557,150.63124983366694,143.0773821694291,31.34785270817411,88.81053587136773,162.72824294179054,146.47124345027677,162.72824294179054,136.79419686224946,0.8999098610547648,135.6003828741412,138.01792384069392,6.283185307179587,0.02066613007923263,6.255742132775837,6.311260781526693,6.696154741803184e-14,32.057166650522106,-55.5186487508528,19.259380699922954,23.337477750418838,44.462871782489024,-5.292871567107923,100.28448166143396,39.84846641878931,75.70537878520066,-8.741828443608947,170.87030171320652,39.792723764263016,75.67274207952923,-8.849511328754097,170.7549307291273,40.09871423595794,76.18975508899527,-8.829850820931323,171.95767454810616,106.35514625049422,0.0008292634356928436,106.35376307821173,106.35597160621012,722.4285714285722,0.0028700382108232587,722.4257138798027,722.4333589106366,53.41553971203613,0.03891185600498011,53.34218234375915,53.47698408906665,451.00000000000006,0.0,451.00000000000006,451.00000000000006,65.41213800000001,0.0,65.41213800000001,65.41213800000001,0.004477426902629739,9.685244860218415e-06,0.004464539884822265,0.004490559284333872,22.387134513148688,0.04842622430109226,22.322699424111327,22.452796421669362,317.5729490168751,5.684341886080802e-14,317.57294901687516,317.57294901687516,0.5689037456748419,0.3870349473465797,0.32058748330261155,1.2384170894105213,0.688075230124174,1.2384170894105213,CYLINDER,CYLINDER_1,0.8,0.19999999999999996,True
CYL1_SEV080_W0044,CYL1_SEV080,44.0,48.99,CLIMB,0.8499999999999998,2.220446049250313e-16,0.85,0.85,3000.0,9.867350270069943,2986.896849418531,3013.405051565975,390.7722240814067,201.42713926083442,120.37719793398355,660.6478744719419,150.50106796512608,0.09863197520550993,150.36630424248557,150.63124983366694,143.0773821694291,31.34785270817411,88.81053587136773,162.72824294179054,146.47124345027677,162.72824294179054,136.79419686224946,0.8999098610547648,135.6003828741412,138.01792384069392,6.283185307179587,0.02066613007923263,6.255742132775837,6.311260781526693,6.696154741803184e-14,32.057166650522106,-55.5186487508528,19.259380699922954,23.337477750418838,44.462871782489024,-5.292871567107923,100.28448166143396,39.84846641878931,75.70537878520066,-8.741828443608947,170.87030171320652,39.792723764263016,75.67274207952923,-8.849511328754097,170.7549307291273,40.09871423595794,76.18975508899527,-8.829850820931323,171.95767454810616,106.35514625049422,0.0008292634356928436,106.35376307821173,106.35597160621012,722.4285714285722,0.0028700382108232587,722.4257138798027,722.4333589106366,53.44117049814238,0.03497295716659526,53.375239360222736,53.49639196040509,451.00000000000006,0.0,451.00000000000006,451.00000000000006,65.41213800000001,0.0,65.41213800000001,65.41213800000001,0.004477426902629739,9.685244860218415e-06,0.004464539884822265,0.004490559284333872,22.387134513148688,0.04842622430109226,22.322699424111327,22.452796421669362,317.5729490168751,5.684341886080802e-14,317.57294901687516,317.57294901687516,0.5689037456748419,0.3870349473465797,0.32058748330261155,1.2384170894105213,0.688075230124174,1.2384170894105213,CYLINDER,CYLINDER_1,0.8,0.19999999999999996,True
CYL1_SEV080_W0045,CYL1_SEV080,45.0,49.99,CLIMB,0.8499999999999998,2.220446049250313e-16,0.85,0.85,3000.0,9.867350270069943,2986.896849418531,3013.405051565975,390.7722240814067,201.42713926083442,120.37719793398355,660.6478744719419,150.50106796512608,0.09863197520550993,150.36630424248557,150.63124983366694,143.0773821694291,31.34785270817411,88.81053587136773,162.72824294179054,146.47124345027677,162.72824294179054,136.79419686224946,0.8999098610547648,135.6003828741412,138.01792384069392,6.283185307179587,0.02066613007923263,6.255742132775837,6.311260781526693,6.696154741803184e-14,32.057166650522106,-55.5186487508528,19.259380699922954,23.337477750418838,44.462871782489024,-5.292871567107923,100.28448166143396,39.84846641878931,75.70537878520066,-8.741828443608947,170.87030171320652,39.792723764263016,75.67274207952923,-8.849511328754097,170.7549307291273,40.09871423595794,76.18975508899527,-8.829850820931323,171.95767454810616,106.35514625049422,0.0008292634356928436,106.35376307821173,106.35597160621012,722.4285714285722,0.0028700382108232587,722.4257138798027,722.4333589106366,53.46420678390593,0.03143277716212798,53.40495014921641,53.51383525177989,451.00000000000006,0.0,451.00000000000006,451.00000000000006,65.41213800000001,0.0,65.41213800000001,65.41213800000001,0.004477426902629739,9.685244860218415e-06,0.004464539884822265,0.004490559284333872,22.387134513148688,0.04842622430109226,22.322699424111327,22.452796421669362,317.5729490168751,5.684341886080802e-14,317.57294901687516,317.57294901687516,0.5689037456748419,0.3870349473465797,0.32058748330261155,1.2384170894105213,0.688075230124174,1.2384170894105213,CYLINDER,CYLINDER_1,0.8,0.19999999999999996,True
CYL1_SEV080_W0046,CYL1_SEV080,46.0,50.99,CRUISE,0.8400999999999998,0.023636624124438784,0.7509999999999998,0.85,2999.836419368445,9.860882768268029,2985.702800442913,3013.405051565975,390.30860196088304,201.43210065146565,115.634456857342,660.6478744719419,148.7497199343246,4.1844047070877535,132.862756480806,150.63124983366694,143.05906349691253,31.307983309231577,88.55110283970015,162.99966309959163,146.44482055540502,162.99966309959163,136.77941622037923,0.8990830200984246,135.49198868246793,138.01792384069392,6.28284590333281,0.020648262749292715,6.253241322449285,6.311260781526693,-0.0031986267995105775,32.0162144156582,-55.75394960452647,19.61322366659892,23.34019219255523,44.43338992377304,-5.292871567107923,100.41157786235733,39.84368952440393,75.64026665674807,-8.741828443608947,170.9623307723116,39.786185942244,75.60462687793324,-8.849511328754097,170.93152355562418,40.08899583770937,76.11696770886185,-8.829850820931323,172.09660403167166,105.8261299994587,1.4048303187103082,99.69411301548624,106.35597160621012,721.134154317031,3.448803461091667,705.9928339524268,722.4333589106366,53.47045933428116,0.03636719712933169,53.309592514129086,53.51431813718872,451.00000000000006,0.0,451.00000000000006,451.00000000000006,65.41213800000001,0.0,65.41213800000001,65.41213800000001,0.004434443900887344,0.00010288646104203174,0.004050024382825782,0.004490559284333872,22.17221950443672,0.514432305210159,20.250121914128908,22.452796421669362,317.49764043882686,0.16936196469807285,317.0000592174316,317.57294901687516,0.5830028133465082,0.36749024007206416,0.32058748330261155,1.2384170894105213,0.6891598921282106,1.2384170894105213,CYLINDER,CYLINDER_1,0.8,0.19999999999999996,True
CYL1_SEV080_W0047,CYL1_SEV080,47.0,51.99,CRUISE,0.8101999999999998,0.06090451543194481,0.6509999999999998,0.85,2999.6174773899725,9.829612046352215,2985.702800442913,3013.405051565975,388.7109655398938,201.45750259098622,109.14216547006777,660.6478744719419,143.4574454526255,10.781184219279197,115.17595948986823,150.63124983366694,143.0377046263431,31.190512183802,88.55110283970015,162.99966309959163,146.3988831755928,162.99966309959163,136.75948424308922,0.8961096135689754,135.49198868246793,138.01792384069392,6.282388321636974,0.020581485406303158,6.253241322449285,6.311260781526693,-0.004167938383099269,31.895977593304284,-55.75394960452647,19.61322366659892,23.356255493160226,44.35512360646288,-5.292871567107923,100.41157786235733,39.835790221421775,75.4525905919896,-8.741828443608947,170.9623307723116,39.77713734678453,75.41209617203867,-8.849511328754097,170.93152355562418,40.06852156497655,75.90647424356375,-8.829850820931323,172.09660403167166,103.49969943030194,4.77657316743245,89.75746345827295,106.35597160621012,715.3254963332948,11.93760292235269,680.7481240370392,722.4333589106366,53.38291611158637,0.2107878537641552,52.63173396469727,53.51431813718872,451.00000000000006,0.0,451.00000000000006,451.00000000000006,65.41213800000001,0.0,65.41213800000001,65.41213800000001,0.00430490654502575,0.00026394948770804656,0.003618789444627455,0.004490559284333872,21.524532725128754,1.3197474385402332,18.093947223137278,22.452796421669362,317.4211859627448,0.2152538747177451,317.0,317.57294901687516,0.626906205772177,0.33660635452799553,0.32058748330261155,1.2384170894105213,0.7115583101505412,1.2384170894105213,CYLINDER,CYLINDER_1,0.8,0.19999999999999996,True
CYL1_SEV080_W0048,CYL1_SEV080,48.0,52.99,CRUISE,0.7701999999999998,0.08321874788772057,0.65,0.85,2999.616088401194,9.781584692275464,2985.702800442913,3014.026303467608,386.40386917328925,201.48562476398274,108.63203853449147,660.6478744719419,136.3750804808258,14.734369273915789,114.98112027710569,150.63124983366694,143.04305854827683,31.036831423479317,88.55110283970015,162.99966309959163,146.37145043913185,162.99966309959163,136.75909389757655,0.8920559940979066,135.49198868246793,138.07483801902532,6.282379659616211,0.020488533258018585,6.253241322449285,6.312561928466826,0.0015849910840668997,31.739030540818696,-55.75394960452647,19.61322366659892,23.38505712120169,44.26071967086839,-5.292871567107923,100.41157786235733,39.83266860235826,75.21197701288801,-8.741828443608947,170.9623307723116,39.7752635288342,75.16741779543395,-8.849511328754097,170.93152355562418,40.0500692958827,75.63479968563527,-8.829850820931323,172.09660403167166,99.68515972666256,7.707787670391646,86.2708828158995,106.35597160621012,705.6660121619265,19.48930743482914,671.2534223929833,722.4333589106366,53.12422046494655,0.5314594037486599,51.73078388785507,53.51431813718872,451.00000000000006,0.0,451.00000000000006,451.00000000000006,65.41213800000001,0.0,65.41213800000001,65.41213800000001,0.00413184827275856,0.00036020211979412227,0.0036015415486976778,0.004490559284333872,20.659241363792805,1.8010105989706116,18.00770774348839,22.452796421669362,317.4211859627448,0.21525387471774507,317.0,317.57294901687516,0.6866534754984869,0.30933394833859534,0.32058748330261155,1.2384170894105213,0.7531138605874254,1.2384170894105213,CYLINDER,CYLINDER_1,0.8,0.19999999999999996,True
CYL1_SEV080_W0049,CYL1_SEV080,49.0,53.99,CRUISE,0.7302,0.08331482461122988,0.65,0.85,2999.61574595648,9.731816408772772,2985.702800442913,3014.026303467608,384.0988344349854,201.48715032436246,108.63203853449147,660.6478744719419,129.29268570587413,14.752979217110058,114.98112027710569,150.63124983366694,143.0425786428833,30.881168081233028,88.55110283970015,162.99966309959163,146.33805331104693,162.99966309959163,136.75906756575563,0.8874875016852312,135.49198868246793,138.07483801902532,6.282379395711347,0.020383731870733415,6.253241322449285,6.312561928466826,0.001131681416331773,31.579823685035105,-55.75394960452647,19.61322366659892,23.41283119474179,44.16427240671894,-5.292871567107923,100.41157786235733,39.82816077445003,74.96812404537971,-8.741828443608947,170.9623307723116,39.77162658278469,74.91882907718134,-8.849511328754097,170.93152355562418,40.02996009090678,75.35922339932362,-8.829850820931323,172.09660403167166,95.637167615538,8.423511773761751,86.05019912487771,106.35597160621012,695.3248982501784,21.468790761547055,670.4943915305095,722.4333589106366,52.687960323189664,0.8594316540728294,50.902965853736106,53.51431813718872,451.00000000000006,0.0,451.00000000000006,451.00000000000006,65.41213800000001,0.0,65.41213800000001,65.41213800000001,0.003958793037747396,0.00036044597846146467,0.0036015415486976778,0.004490559284333872,19.793965188736976,1.8022298923073237,18.00770774348839,22.452796421669362,317.4211859627448,0.2152538747177451,317.0,317.57294901687516,0.746335173205956,0.2662463963342962,0.32058748330261155,1.2384170894105213,0.792403517360545,1.2384170894105213,CYLINDER,CYLINDER_1,0.8,0.19999999999999996,True
CYL1_SEV080_W0050,CYL1_SEV080,50.0,54.99,CRUISE,0.6902,0.06129730826064056,0.65,0.85,2999.6158008944576,9.681798833763104,2985.702800442913,3014.026303467608,381.7936296394596,201.46230951946012,108.63203853449147,660.6478744719419,122.21028958941102,10.857188475993059,114.98112027710569,150.63124983366694,143.0425910389297,30.724853970012607,88.55110283970015,162.99966309959163,146.30515883798864,162.99966309959163,136.75905681695824,0.882922577187945,135.49198868246793,138.07483801902532,6.282379487720344,0.020279012502953716,6.253241322449285,6.312561928466826,0.0011547342510878594,31.419968831252078,-55.75394960452647,19.61322366659892,23.44066797958117,44.06770745687456,-5.280745644987312,100.41157786235733,39.82380422725909,74.72373940020287,-8.713067517154776,170.9623307723116,39.76812081250016,74.66964363651691,-8.839100138955555,170.93152355562418,40.009998019589254,75.08288893448118,-8.829850820931304,172.09660403167166,91.57439987326102,7.063325320440422,86.03622814071089,106.3554057409861,684.929580561424,18.156457864869918,670.4312471047671,722.4276235876215,52.090900973116526,1.0943837087663857,50.1578011288734,53.51431813718872,451.00000000000006,0.0,451.00000000000006,451.00000000000006,65.41213800000001,0.0,65.41213800000001,65.41213800000001,0.0037857379289002297,0.00026495427965584354,0.0036015415486976778,0.004477284057127084,18.928689644501148,1.3247713982792177,18.00770774348839,22.386420285635424,317.42118596274474,0.21525387471774507,317.0,317.57294901687516,0.8060233015268201,0.1973972998488698,0.32058748330261155,1.2336968999002296,0.8298429107920484,1.2336968999002296,CYLINDER,CYLINDER_1,0.8,0.19999999999999996,True
CYL1_SEV080_W0051,CYL1_SEV080,51.0,55.99,CRUISE,0.6601,0.023972692798265235,0.65,0.75,2999.7793764154735,9.641882536277828,2985.9018274242617,3014.026303467608,379.95205629683966,201.43102788038496,108.63203853449147,655.7404555252857,116.87924188044897,4.248945892897702,114.98112027710569,132.91647704171166,143.06089435837566,30.608572079832296,89.38081302486182,162.82158238671911,146.2986814000202,162.82158238671911,136.77382223815337,0.8795210581511714,135.5100530794307,138.07483801902532,6.282718880985445,0.02019983674778268,6.253658163584265,6.312561928466826,0.004353239236854421,31.30122554045108,-54.839810830571885,19.36691628173746,23.46578864498116,44.00070945061306,-4.881373376544368,100.02400372251256,39.824213389564754,74.54466158739889,-8.069216908330084,169.7141803609533,39.771146835415806,74.48881366569111,-8.164272746694765,169.56029119425253,39.99974548841393,74.87958770754835,-8.157801139315838,170.62553736551146,88.03971313998171,3.636061326460857,86.03534425430942,99.60077920246012,675.8243700030357,9.543123890084479,670.4262248001232,705.7477844894102,51.363694797646545,1.1590923451568942,49.48799413784966,53.305192331776986,451.00000000000006,0.0,451.00000000000006,451.00000000000006,65.41213800000001,0.0,65.41213800000001,65.41213800000001,0.003655665785103884,0.00010361368099362675,0.0036015415486976778,0.00404235911747287,18.27832892551942,0.5180684049681338,18.00770774348839,20.21179558736435,317.49649454079304,0.17078088667337335,317.0,317.57294901687516,0.8516119302729908,0.15045802940115607,0.5887001112716279,0.996353376063901,0.8648008431971888,0.996353376063901,CYLINDER,CYLINDER_1,0.8,0.19999999999999996,True
CYL1_SEV080_W0052,CYL1_SEV080,52.0,56.99,CRUISE,0.6500000000000001,1.1102230246251565e-16,0.65,0.65,2999.9983187185717,9.619753023020474,2986.3843482064744,3014.026303467608,379.2444971178538,201.42107606983095,108.63203853449147,649.2968804123487,115.08912058077927,0.0735489393553527,114.98112027710569,115.19599878859587,143.08223837102622,30.571144636366103,89.85536299545402,162.82158238671911,146.31172824364006,162.82158238671911,136.7937394910343,0.8776331157229217,135.5100530794307,138.07483801902532,6.283176463495501,0.0201550093368702,6.253658163584265,6.312561928466826,0.005322416496412046,31.263072546276547,-54.48532164355583,19.36691628173746,23.477560266530453,43.98286753361535,-4.450866695194237,100.02400372251256,39.82774546809397,74.48944986388003,-7.3774446588853975,169.42251667548103,39.776683581141434,74.433742406151,-7.4331748562374385,169.36303569920585,40.00024905526036,74.815642713501,-7.424822530222659,170.2369767103132,86.30238153030609,0.6462607006238151,86.0352882759557,89.65791944406415,671.233057593718,1.8570971184190934,670.4258256103672,680.4840931478665,50.59822217530872,1.0822277661266657,48.88598439909752,52.622702997589116,451.00000000000006,0.0,451.00000000000006,451.00000000000006,65.41213800000001,0.0,65.41213800000001,65.41213800000001,0.0036121479995102697,7.223516406852109e-06,0.0036015415486976778,0.003622654498042253,18.06073999755135,0.03611758203426049,18.00770774348839,18.113272490211266,317.5729490168751,5.684341886080802e-14,317.57294901687516,317.57294901687516,0.8673962500204807,0.1576879067901898,0.5887001112716279,0.996353376063901,0.8816131410644148,0.996353376063901,CYLINDER,CYLINDER_1,0.8,0.19999999999999996,True
CYL1_SEV080_W0053,CYL1_SEV080,53.0,57.99,CRUISE,0.6500000000000001,1.1102230246251565e-16,0.65,0.65,2999.99970769732,9.618178950293437,2987.0968711657138,3013.086054918577,379.246397841814,201.4209514976951,108.84825836059895,649.1416822913329,115.08908977431406,0.07350832593650314,114.98849932597726,115.18711423071132,143.07686970624445,30.570048577441074,90.11337404242869,162.12702268590112,146.30624906327398,162.12702268590112,136.79411507497625,0.8771417961767111,135.61854482283533,137.9887044533977,6.283185125476494,0.020143695047969448,6.256161057343509,6.310592676510701,-0.0004304942082997911,31.261725429711678,-54.18296543444344,18.667210863722634,23.4765935963978,43.98114646177778,-4.444987184073503,99.63526463405996,39.82649986788357,74.48721351665739,-7.3682031661351965,168.80978926055855,39.77504559551965,74.43083190047983,-7.423469635775497,168.66258877721037,39.99873064644343,74.81294721152297,-7.415995074222254,169.5445925565866,86.05315530852093,0.040912067794577185,86.03528473474087,86.2657146867868,670.4925441192794,0.1476848494937912,670.425793853144,671.2273476495161,49.88520757237967,0.974847409309058,48.344913371078846,51.72213872173191,451.00000000000006,0.0,451.00000000000006,451.00000000000006,65.41213800000001,0.0,65.41213800000001,65.41213800000001,0.003612151130015783,7.219439309255313e-06,0.003602446649169823,0.0036219550400590416,18.060755650078914,0.03609719654627655,18.012233245849117,18.109775200295207,317.5729490168751,5.684341886080802e-14,317.57294901687516,317.57294901687516,0.8673366931818303,0.15760278762331775,0.5953597155000243,0.9842100597501161,0.8815393230062019,0.9842100597501161,CYLINDER,CYLINDER_1,0.8,0.19999999999999996,True
CYL1_SEV080_W0054,CYL1_SEV080,54.0,58.99,CRUISE,0.6500000000000001,1.1102230246251565e-16,0.65,0.65,3000.000050141255,9.618168114516976,2987.167594998145,3013.031481049371,379.2462369440747,201.42095472334583,108.86018001257946,649.1230360118992,115.0890887708575,0.07351045793538177,114.98892720561096,115.18659204225938,143.07733485016354,30.570175340567296,90.14757957619396,162.08483059659017,146.30673042679493,162.08483059659017,136.79412664695474,0.8771670671116559,135.62491447571026,137.98370591756205,6.283185389381358,0.020144274625871164,6.256307973483997,6.310478377266319,2.2813827453390444e-05,31.261872553929823,-54.146243287894954,18.62294224210044,23.476654477195357,43.9812542496134,-4.44462445226879,99.6095702724234,39.82664047250856,74.48746015792372,-7.367583090569423,168.7700632498719,39.77517073215346,74.43105294645807,-7.422921583694436,168.62003084453454,39.99886916830615,74.81319156016596,-7.415443995027927,169.50614686783274,86.03738125706722,0.002667278025921537,86.03528451056826,86.05104593588493,670.4336582182337,0.012046409291022832,670.4257913287539,670.4921621807817,49.243077992952664,0.8763051267619513,47.85861274653291,50.895164813183534,451.00000000000006,0.0,451.00000000000006,451.00000000000006,65.41213800000001,0.0,65.41213800000001,65.41213800000001,0.0036121512232795837,7.219646473725688e-06,0.0036024997553483614,0.003621914428495784,18.06075611639792,0.03609823236862844,18.012498776741808,18.10957214247892,317.5729490168751,5.684341886080802e-14,317.57294901687516,317.57294901687516,0.867342708163514,0.15760857410757867,0.5957984435129099,0.9834763304596956,0.8815462756070396,0.9834763304596956,CYLINDER,CYLINDER_1,0.8,0.19999999999999996,True
CYL1_SEV080_W0055,CYL1_SEV080,55.0,59.99,CRUISE,0.6500000000000001,1.1102230246251565e-16,0.65,0.65,2999.999995203447,9.618166566849755,2987.1719068432353,3013.0246536589,379.2462461029533,201.4209550802352,108.86175865881557,649.1219013056655,115.08908910891128,0.07351032787260889,114.98898073171365,115.18655564946148,143.07730769438223,30.57016408713294,90.14960307513714,162.07981217846122,146.3067015190595,162.07981217846122,136.79412263592127,0.8771655749623296,135.62535836631739,137.98308058883416,6.28318529737262,0.02014424063298178,6.256318211699015,6.310464078013155,-2.389116190499863e-07,31.261860146280494,-54.143896771088095,18.617913612172373,23.47665264693767,43.981250966079116,-4.444581816114515,99.6067940204418,39.82662979691869,74.48744158623272,-7.367516888280152,168.76551424323253,39.77516469350231,74.43104221570484,-7.422850443762966,168.61496977494932,39.99886055702358,74.81317630557662,-7.415378310249549,169.50108886436757,86.03638282175714,0.0006406541059222646,86.03528449637166,86.03782255459906,670.4289759218738,0.0029404335570175025,670.4257911280027,670.4379249069734,48.66586687848208,0.7876090295704726,47.42153835725476,50.15078945807742,451.00000000000006,0.0,451.00000000000006,451.00000000000006,65.41213800000001,0.0,65.41213800000001,65.41213800000001,0.003612151190379473,7.219634486778788e-06,0.0036025034560934754,0.0036219093477354346,18.060755951897367,0.03609817243389388,18.012517280467378,18.109546738677174,317.5729490168751,5.684341886080802e-14,317.57294901687516,317.57294901687516,0.8673422925536861,0.15760826980135212,0.5958460204089285,0.9833885309229202,0.8815458122877449,0.9833885309229202,CYLINDER,CYLINDER_1,0.8,0.19999999999999996,True
